TOPIC,TOPIC PROPORTION,TOP WORDS,0j,0m,0r,12j,1j,1r,1v,2j,2k,2m,2r,2r2,2t,act,action,ad,agreement,ai,aj,al,angl,anticommut,appear,appropri,ar,arbitrari,becom,bigdata,calcul,case,casimir,circl,class,coecient,come,conclud,condit,conjug,consequ,consid,constant,continu,contract,correspond,current,d2,dene,denit,depend,deriv,determin,dilogarithm,dimension,discret,dj,done,dr,dr2,due,e,easili,ei,eigenvalu,eld,element,equal,equat,et,exact,exampl,explicit,exponenti,extend,extens,fact,files_keyword,free,gb,general,generat,geodes,gj,gp,half,hand,henc,i2,ident,ij,ijk,ikj,im,independ,index,indic,innit,integ,interpret,introduc,investig,j,j0,jackiw,jj,jm,js,jz,k0,k2,known,kr,l0,lead,left,list,lm,log,m1,m2,math,matric,mean,mm,mod,momentum,moreov,motion,mr,nd,next,nite,nj,nonzero,normal,notat,note,notic,now,nucl.phi,null,o,obtain,octob,ofth,one-dimension,order,paramet,parametr,particular,phys.rev.lett,problem,project,proport,pure,put,q0,qa,qj,r,r0,r1,r2,rang,read,real,recent,ref,relat,remark,repres,respect,restrict,ri,rn,rr,run,s1,scale,section,shown,sin2,sinc,singular,sl,solut,space,span,speci,spheric,squar,ss,start,step,su,subgroup,substitut,sucient,symmetri,take,tend,term,textfil,therefor,thus,togeth,txt,um,understood,ur,us,usual,valu,vanish,variabl,various,without,work,written,xed,xj,xr,xs,yield,yj,zero,zj
1,0.01422073,"j, generat, 2j, m1, j0 ",0.001172985,0.001725928,4.15E-115,0.001177574,0.003760793,7.39E-32,2.80E-99,0.01504995,2.12E-09,5.47E-13,9.18E-32,1.86E-79,2.93E-46,0.006281725,0.002889041,0.001817449,0.001299093,0.009298186,0.00755849,0.004372445,0.001914178,0.001242201,0.001735705,5.82E-18,3.99E-49,0.000520919,1.63E-05,0.007154564,1.16E-16,1.02E-07,0.002086826,0.001559467,7.68E-11,0.0029212,1.56E-05,0.001010708,2.74E-12,0.0013109,0.00113521,3.23E-05,3.82E-05,0.002362132,0.003885257,2.37E-12,0.001876259,1.25E-25,8.64E-09,1.42E-07,0.000342677,0.000201342,1.96E-17,3.64E-93,0.002690592,0.001758451,0.002784207,0.001094786,2.14E-48,2.36E-107,3.13E-08,0.000332617,6.96E-05,6.12E-11,0.001363614,3.93E-09,1.05E-07,0.001356315,2.68E-11,0.004624902,9.12E-12,4.04E-07,1.10E-12,5.08E-07,0.004177511,0.000941194,0.00169432,0.007154564,0.005827128,0.001201972,1.87E-07,0.017596994,1.43E-100,0.001702893,1.18E-38,1.17E-24,5.93E-06,0.001610494,0.000646374,0.001887303,0.030856668,0.001020982,0.00118261,0.002500274,6.87E-29,0.001067818,0.001923861,0.001365855,0.003856917,0.00115792,0.001474986,4.26E-05,0.492345563,0.00964712,0,0.005292771,0.008038641,0.002464003,0.003779345,5.24E-32,7.20E-35,3.48E-11,1.75E-100,4.50E-18,0.002850035,0.001207539,8.45E-50,0.002323611,1.60E-40,0.014268886,0.010968523,0.00175271,0.00223785,5.30E-14,0.002647952,0.001803222,2.58E-20,5.85E-14,4.47E-19,6.76E-56,5.97E-21,2.36E-11,0.001871024,0.004716292,1.71E-14,0.00170919,0.002590548,6.76E-12,0.001305383,9.78E-07,0.009620151,0.003411106,4.13E-13,0.004526325,0.003435768,3.46E-07,0.001205752,5.55E-12,0.006558161,0.000879722,8.43E-10,2.10E-14,0.001810524,0.009265908,0.002194606,5.08E-18,5.13E-22,0.00378583,0.001518278,0.003212742,3.75E-27,3.38E-79,2.29E-60,6.03E-79,1.89E-34,0.001372422,0.001832673,0.001598663,0.001800155,9.34E-07,0.002319702,4.66E-05,2.92E-07,5.01E-17,6.95E-37,1.50E-43,6.15E-69,0.007113045,3.44E-38,0.001078601,2.34E-15,0.001585905,7.10E-55,0.002485632,0.001940666,2.42E-25,2.29E-20,9.01E-10,0.002524486,0.001513909,7.77E-46,3.01E-11,0.001016473,0.001849327,0.000854751,0.002228692,7.22E-44,2.62E-18,0.001275033,0.003582437,0.001885992,1.02E-48,0.00105492,0.007154564,0.003454039,0.004360658,6.68E-08,0.007154564,0.00308527,0.001009251,7.10E-141,0.001000895,3.64E-13,0.003252616,7.32E-09,0.00474281,1.08E-14,1.10E-17,0.00095231,0.003177719,0.004527021,0.00816413,3.26E-58,0.002777407,3.39E-25,0.002116524,8.14E-08,0.002804286
2,0.01768006,"r, sl, r2, r1, 2m ",0.000326349,0.000140007,0.001547568,8.44E-147,9.72E-71,0.001977326,0.001236418,3.85E-70,0.001774123,0.010717162,0.006054062,0.002397707,0.001036518,7.19E-13,4.08E-07,5.41E-10,2.82E-29,3.42E-35,0.000434589,4.56E-18,3.11E-49,6.58E-39,0.001740852,0.001046996,0.001551954,0.001457086,0.001045262,0.004068697,0.001249285,0.010413464,2.71E-25,2.07E-10,0.001651183,3.26E-28,0.001948396,0.000371323,0.004189494,3.30E-05,0.000204082,0.001651509,0.002074806,2.45E-27,1.13E-55,0.004076467,1.33E-26,0.001376806,0.002897392,0.001135937,0.003742618,0.00435332,0.003627359,0.001066241,0.000801235,1.29E-31,2.45E-76,0.0003016,0.002940808,0.001302041,0.001129552,0.007911358,0.001968905,0.002723911,6.33E-08,0.003107489,0.001341462,3.36E-10,0.001920469,6.24E-43,0.002872193,0.001777307,0.001988769,0.001770088,3.06E-17,0.002220895,0.001544831,0.004068697,0.00021854,1.28E-83,0.001498512,6.16E-07,0.001551037,4.59E-113,0.002740837,0.001095737,0.001555482,0.001299801,0.001970358,0.001789072,2.12E-29,2.89E-22,1.63E-48,0.00130033,0.002089999,1.66E-21,3.11E-18,2.73E-16,2.69E-17,5.88E-05,3.76E-05,0.001294617,1.15E-34,5.24E-22,0.005669182,1.60E-45,0.00025606,4.86E-46,1.01E-153,0.001722935,0.001201722,0.001155075,0.003156629,0.001641062,0.000800619,0.000751731,0.001723559,0.000503757,0.002206206,3.30E-10,3.99E-17,3.76E-05,0.000916129,0.002307243,4.92E-12,0.000622886,0.001346307,0.001246894,0.001154155,0.001457051,0.00337765,0.001540593,0.001626319,7.19E-41,0.001598221,0.000439398,2.08E-08,0.002341762,1.74E-25,0.001635722,1.30E-14,3.08E-52,0.00127175,0.00625901,0,0.001077376,2.07E-22,0.007274388,0.00233384,0.001500885,0.002201314,0.003787831,3.28E-18,0.003842976,1.04E-05,0.001154738,0.001436285,5.54E-60,5.15E-54,5.44E-66,0.453786469,0.005843966,0.015864551,0.021850933,0.001478545,3.62E-16,0.002494317,6.82E-16,0.000932147,0.002633524,0.000959598,0.001919365,0.001808356,0.001036281,0.006747788,0.002521805,0.002691548,0.00424602,0.00104503,1.05E-14,0.003635213,0.00405669,0.004381953,0.00274858,0.000343227,0.033606081,0.002172273,0.00445837,5.36E-43,5.01E-31,0.001139935,0.001530319,1.72E-55,1.55E-06,0.001452471,1.76E-20,0.003066018,0.001573709,4.90E-20,0.002607091,0.005168878,0.001211138,0.006148315,0.004068697,3.72E-05,2.56E-06,0.001033543,0.004068697,9.02E-75,0.000362664,0.00208678,7.23E-07,0.00100914,0.002865821,0.002365769,5.72E-18,0.001704695,0.001377126,0.001626844,0.001302024,8.61E-24,7.99E-54,0.003614921,2.08E-65,0.001647103,1.12E-101,0.005381125,2.17E-78
3,0.01636077,"c, b, e, transform, canon ",6.72E-100,3.05E-69,7.54E-113,5.92E-73,2.10E-70,5.28E-21,8.88E-94,4.91E-83,2.93E-19,5.64E-34,4.95E-50,2.20E-74,3.92E-65,9.10E-05,0.001013934,1.74E-21,9.69E-35,2.30E-32,1.98E-76,1.05E-41,1.18E-26,7.25E-05,1.16E-19,6.49E-29,1.82E-66,1.84E-08,3.57E-18,0.003036715,3.99E-08,0.002205173,4.92E-08,0.001417031,0.00063038,2.71E-28,7.46E-12,3.08E-11,0.004888551,3.06E-05,5.07E-05,0.001462555,1.57E-08,0.004572442,8.11E-05,0.001262421,1.87E-25,3.62E-20,0.008256151,0.000744972,0.000949007,1.58E-13,0.003246413,2.73E-120,0.007231573,4.43E-26,1.20E-65,2.09E-23,3.69E-78,1.09E-149,3.35E-23,0.029147978,5.82E-08,6.50E-09,9.66E-20,4.94E-10,0.002686241,0.00057238,1.55E-19,6.97E-21,2.98E-28,0.000741167,2.63E-05,1.72E-12,0.001014635,0.000711678,2.27E-14,0.003036715,0.000375083,5.40E-72,0.002414265,1.75E-08,1.70E-86,1.06E-78,1.45E-46,5.02E-31,9.06E-05,0.000651911,1.30E-44,0.001125858,1.38E-39,8.76E-58,7.21E-104,3.70E-37,3.15E-08,1.99E-10,3.36E-05,0.000525551,0.000306269,0.000586921,2.47E-07,1.41E-08,3.55E-31,2.53E-79,0,1.59E-45,5.06E-87,3.65E-63,2.85E-48,4.47E-65,5.74E-32,5.69E-14,1.05E-91,3.81E-42,2.90E-09,0.001608373,0.000308396,3.09E-63,6.22E-33,7.16E-19,5.16E-29,1.09E-29,1.08E-05,0.000203961,1.71E-35,5.46E-45,1.76E-20,1.78E-10,1.72E-54,3.49E-84,0.001207838,5.71E-06,0.006664674,4.58E-59,3.06E-32,8.78E-20,0.000336346,1.79E-06,3.42E-27,0.000560799,9.63E-300,2.78E-33,0.004497938,3.93E-09,0,0.000503981,1.18E-20,4.23E-17,6.48E-20,0.000430154,0.001084198,4.68E-113,1.16E-06,0.003264775,0.000579916,0.00027626,1.01E-14,2.01E-25,7.09E-39,2.70E-62,2.86E-25,1.76E-68,5.71E-30,3.51E-47,1.61E-13,6.99E-12,0.002358286,1.84E-13,3.00E-09,3.99E-14,8.93E-07,0.00303154,2.00E-08,8.43E-12,2.73E-59,2.02E-46,3.97E-78,0.002952297,8.21E-19,6.30E-11,0.001144076,2.29E-16,1.85E-90,0.001953983,4.76E-28,6.28E-29,2.64E-10,1.79E-05,6.59E-26,6.35E-45,0.001854101,1.57E-11,1.00E-79,1.94E-15,2.24E-28,1.21E-24,2.95E-14,0.000182647,7.62E-20,7.42E-05,2.46E-11,3.29E-96,7.89E-12,0.003036715,4.34E-12,0.001191889,0.00123034,0.003036715,0.000142219,0.000280376,2.41E-136,2.70E-07,1.08E-13,0.003339278,0.0007651,2.07E-23,9.53E-19,0.000274049,0.001638313,3.75E-17,0.000269801,5.62E-41,1.45E-80,1.41E-79,0.000115267,4.37E-55,9.66E-15,9.42E-68
4,0.02744085,"phase, temperatur, energi, transit, qcd ",1.14E-75,8.43E-81,2.18E-179,3.23E-115,1.37E-68,4.62E-18,0.00010985,4.22E-101,0.000124014,5.91E-20,0.000233205,8.47E-103,1.70E-108,1.60E-23,9.80E-12,9.21E-15,3.81E-05,1.13E-45,2.69E-136,2.37E-26,0.00061451,4.26E-57,0.002221949,0.000131629,0.000245183,5.03E-17,0.002237462,0.004677204,0.001253269,0.005815575,0.000442481,6.06E-14,6.59E-05,0.00080508,0.000201083,0.000515665,0.001145243,9.65E-61,8.26E-06,0.001124542,0.004916555,0.000269239,0.000223513,0.002085238,6.22E-15,1.04E-30,0.000933725,1.26E-09,0.002008085,2.75E-06,0.001376615,3.26E-109,0.002027256,4.79E-05,1.80E-87,0.000310393,3.79E-71,3.15E-159,0.001999139,0.004049566,4.19E-39,1.10E-51,0.000847302,0.010597066,5.04E-23,0.000876575,0.001724344,3.47E-09,0.001417477,0.000740631,2.44E-29,0.000377982,9.22E-12,5.86E-21,0.001712057,0.004677204,0.006035512,0.000270069,0.000173697,0.00041282,3.98E-85,1.18E-166,3.50E-119,1.30E-59,0.000497313,0.001275429,8.92E-70,1.74E-22,5.71E-28,9.07E-48,7.43E-33,1.11E-19,1.16E-19,2.36E-10,0.000401695,0.001040354,2.66E-12,8.81E-05,0.00083697,0.002097894,8.17E-37,2.08E-144,0,0.000128632,3.32E-139,1.25E-117,5.75E-260,5.85E-37,5.54E-10,0.001437262,2.15E-100,1.31E-53,0.00542198,4.88E-05,1.70E-20,2.72E-126,2.89E-25,4.61E-24,0.003250202,4.30E-76,9.94E-31,0.000535974,1.89E-24,5.46E-13,0.000665626,2.00E-10,2.64E-26,2.55E-134,1.01E-17,0.000185131,0.007494479,1.12E-68,0.000510409,0.00060855,2.80E-46,0.001402956,0.000293558,0.00068621,3.35E-30,7.67E-97,3.75E-05,0.000223788,0,0.002175896,0.00061953,0.007845589,0.002513956,5.54E-64,0.000614345,3.72E-135,0.001448435,0.004900724,0.001135872,0.002125806,1.09E-17,4.71E-05,1.82E-88,2.54E-66,1.80E-27,0.001149199,9.16E-56,1.79E-66,0.000532024,0.000509437,2.35E-22,0.000787356,0.000650521,0.000305351,0.001173251,0.00152314,0.000915894,0.000365191,9.68E-30,3.56E-17,1.77E-190,0.004784434,0.000291941,0.003084474,0.003818765,0.001393083,3.91E-113,0.001754815,2.82E-05,1.78E-101,0.000869942,1.91E-10,2.02E-129,0.000299231,0.000226975,2.58E-37,6.29E-73,0.001819741,3.67E-20,2.96E-17,1.01E-85,0.00022281,7.18E-19,7.70E-07,0.003300034,0.000237235,0.002259164,0.004677204,0.000215728,0.001649402,0.000190773,0.004677204,3.17E-118,4.95E-07,0.000257686,0.002637805,0.00092404,0.012160738,0.000468241,1.53E-06,9.40E-05,0.000455582,0.002111095,2.08E-23,2.55E-07,9.39E-83,9.73E-100,1.77E-88,0.000722526,6.21E-68,0.007748394,1.44E-52
5,0.02179308,"z, function, z2, eld, z1 ",1.20E-60,1.12E-101,5.38E-23,3.29E-22,1.03E-32,0.000743893,0.000244356,2.13E-72,0.002808025,2.16E-19,2.08E-14,2.49E-94,5.56E-25,4.73E-13,0.002926335,5.81E-29,0.000171944,1.96E-09,0.000266524,2.47E-15,8.44E-26,5.16E-54,0.001197701,0.000240489,2.03E-30,2.44E-05,0.00153389,0.002270487,0.004223649,0.001705474,6.74E-66,9.38E-07,6.71E-19,1.84E-09,1.06E-12,2.19E-09,3.70E-05,2.19E-35,7.94E-34,0.002893795,3.77E-10,0.000395406,3.29E-37,0.001272417,0.002137802,2.03E-22,0.001624142,0.000180179,4.53E-05,0.002329574,8.97E-12,1.73E-24,1.02E-12,3.79E-37,1.87E-33,1.06E-14,5.40E-57,4.97E-113,1.69E-08,0.005575938,0.00061871,0.00036005,1.26E-30,0.017314216,0.000955098,0.000153383,1.16E-05,0.000225955,8.80E-24,0.000340161,0.001268052,0.000103447,0.000869676,1.98E-21,0.001223162,0.002270487,0.005346316,1.89E-31,1.32E-08,0.000532145,1.03E-91,7.86E-62,0.000162901,0.000916572,1.36E-08,1.87E-22,0.005609832,0.004249513,4.78E-18,1.11E-44,2.36E-30,2.95E-10,4.00E-07,0.001082489,0.000344204,7.93E-05,1.04E-05,1.30E-21,5.17E-05,6.41E-05,1.13E-21,7.68E-69,0,2.59E-30,2.49E-45,7.48E-27,2.36E-96,0.000848296,0.00428322,0.00068847,2.20E-39,2.90E-08,1.88E-09,0.000167898,1.07E-25,2.12E-32,0.001541121,4.11E-11,2.94E-29,1.92E-35,5.28E-08,0.001046869,2.32E-44,4.37E-07,7.85E-07,1.66E-13,2.79E-40,0.000165493,0.00021497,0.000197682,1.21E-10,1.14E-22,3.43E-26,0.005671649,1.12E-07,0.00219246,9.90E-12,0.001447616,0,2.11E-57,2.61E-05,0.004657148,0,5.68E-10,2.07E-08,0.003347255,4.31E-05,8.06E-05,5.26E-07,1.78E-157,1.05E-14,0.004373852,2.65E-16,6.95E-14,6.47E-06,1.74E-07,0.000112616,3.80E-05,7.08E-21,1.28E-54,3.67E-29,1.11E-28,6.76E-30,1.24E-06,0.001277069,0.000501487,0.000414466,1.79E-07,3.94E-24,3.94E-12,0.001452784,0.000267213,7.73E-34,5.83E-66,0.00015075,0.002179423,4.84E-33,6.72E-24,0.003938909,0.000916345,1.19E-84,4.72E-12,9.75E-12,7.46E-25,0.000402125,0.001287949,1.23E-46,3.25E-45,3.78E-57,0.000237188,9.77E-45,0.000279814,0.000194182,6.29E-16,5.50E-25,0.000608023,1.41E-26,0.000524103,4.14E-13,3.90E-37,0.005352581,0.002270487,0.000792247,1.51E-07,0.000646287,0.002270487,2.23E-69,1.90E-06,3.25E-147,0.004795987,0.00034572,1.62E-14,8.03E-14,6.01E-07,7.74E-05,0.000249402,4.73E-12,2.72E-09,0.000739529,1.65E-37,4.31E-31,1.16E-58,4.90E-05,9.61E-46,0.001573324,0.001499589
6,0.03552156,"oper, general, system, case, quantum ",2.97E-42,1.55E-69,7.17E-05,1.82E-79,1.88E-63,7.73E-06,7.50E-30,2.28E-56,0.000177221,0.000910166,2.30E-35,1.03E-62,1.04E-08,0.001452264,6.35E-20,4.91E-18,0.000318399,0.000527167,4.79E-24,0.000488707,1.22E-11,4.05E-19,0.000393506,0.000766979,1.24E-83,0.001152154,0.00166075,0.006857873,0.002238601,0.019111244,0.000893126,1.60E-29,0.003526344,0.002275691,0.000994902,0.000516149,0.005409389,1.15E-17,9.28E-07,0.006666167,0.001765534,0.000294332,1.76E-28,0.001372716,2.53E-27,3.05E-41,0.009605441,0.001652443,0.004066363,0.000278912,0.001702298,9.26E-72,1.31E-08,0.002394384,6.46E-05,0.000283249,5.32E-28,8.00E-169,0.000798804,0.004453931,0.000356194,0.000122456,0.003098626,2.06E-17,0.002798395,0.000580011,1.07E-15,1.46E-28,0.000103854,0.004757593,0.002339571,2.01E-07,0.00026421,0.000274492,0.003097312,0.006857873,1.95E-11,1.11E-47,0.031524963,7.47E-06,4.58E-101,1.74E-95,2.71E-67,0.00038976,7.80E-13,1.62E-05,2.21E-19,0.002099683,6.72E-26,1.02E-57,9.24E-104,5.43E-23,0.004081429,3.66E-52,7.82E-09,0.000335234,0.000173292,0.000271631,0.003183352,0.000512209,4.18E-37,1.53E-100,0,1.11E-71,1.52E-28,7.57E-113,4.32E-156,4.20E-57,6.23E-26,0.000876291,1.33E-30,1.73E-58,0.000169133,0.000149323,2.72E-12,0.000168841,5.28E-33,4.94E-17,1.41E-17,1.66E-30,2.55E-10,0.001578099,0.000116531,1.09E-18,0.003036932,1.53E-28,0.001207596,6.29E-12,0.001895589,0.001145303,0.000468358,7.96E-47,0.000118396,0.000599707,3.12E-26,0.003095053,0.000170854,0.004155767,5.19E-290,2.26E-71,5.02E-24,0.006213583,0,0.003043089,0.000459436,0.004860397,0.005368485,3.76E-10,0.004465505,2.79E-155,0.002348781,0.007837832,1.27E-05,0.000467442,2.40E-15,6.67E-33,3.99E-05,2.98E-47,1.49E-25,8.75E-34,2.53E-83,1.89E-69,1.47E-08,2.85E-11,2.88E-06,0.001865015,0.000236229,0.011663637,0.000269551,0.000334448,0.003582416,0.000327347,5.40E-10,8.60E-05,7.90E-27,0.006696168,7.06E-19,1.06E-41,0.00698486,0.004463366,4.08E-82,0.001189689,2.20E-14,1.11E-50,1.40E-06,0.004573603,1.83E-40,1.40E-25,4.31E-23,0.002431772,0.000378809,8.37E-13,0.000605628,7.31E-22,5.72E-72,2.47E-23,0.001000008,0.001082394,7.24E-05,4.85E-52,0.006707171,0.006857873,0.000533466,0.00479732,0.000597878,0.006857873,7.61E-40,3.39E-18,1.96E-119,0.006369328,0.005041101,0.002279832,1.47E-07,0.007030984,3.07E-06,0.000708583,0.002325467,0.000966968,6.57E-09,1.12E-16,8.05E-91,9.90E-69,0.000534005,4.36E-08,0.001223919,0.000189256
7,0.01296271,"l, l2, l1, e, dene ",1.23E-63,2.26E-112,8.28E-137,2.33E-111,3.72E-07,0.000226964,7.32E-71,1.57E-16,0.000968265,1.89E-12,1.28E-11,2.53E-72,1.68E-76,2.13E-15,1.22E-11,0.000368593,9.55E-44,4.41E-05,4.18E-57,0.001529565,6.98E-33,3.78E-38,0.000311228,8.60E-17,6.34E-34,1.45E-21,9.13E-30,0.002441247,0.001805574,6.00E-11,8.10E-07,1.03E-14,1.18E-16,1.50E-07,2.21E-08,9.57E-16,6.87E-27,0.002087659,0.000265192,0.001043628,1.28E-14,2.72E-11,5.18E-57,0.002438432,1.49E-36,1.48E-14,0.007394757,0.000852533,0.000479275,0.003963784,0.000685927,4.16E-48,6.76E-16,8.40E-30,1.34E-15,8.07E-40,4.60E-54,7.48E-144,0.000972404,0.010908086,0.001082884,1.62E-32,1.25E-09,0.000140669,0.001950175,8.97E-06,4.02E-09,5.03E-05,6.42E-08,1.17E-19,7.96E-09,0.000202231,0.000656179,0.000436758,0.001167129,0.002441247,0.000370183,2.08E-110,4.19E-18,4.17E-05,3.24E-26,3.64E-121,1.63E-100,1.20E-22,0.000940699,0.00098612,2.06E-31,0.001265502,3.52E-30,3.52E-53,2.24E-57,2.55E-58,3.68E-10,3.46E-36,0.000241134,3.09E-31,0.000638534,4.00E-14,0.001988422,5.82E-14,1.61E-23,7.49E-08,0,3.87E-46,1.74E-74,8.89E-114,3.00E-77,2.60E-72,0.002264951,5.75E-10,4.98E-93,0.006542959,0.003487842,1.07E-22,3.19E-67,0.000841003,2.80E-28,4.35E-19,7.26E-15,1.28E-21,2.07E-06,7.98E-07,1.69E-61,4.83E-05,0.000993602,2.82E-34,4.87E-23,4.52E-63,0.001147724,0.001059576,4.66E-13,4.98E-25,0.000278276,1.09E-12,8.81E-30,0.000246997,5.94E-27,0.002739998,1.18E-221,1.07E-63,1.16E-06,0.007094635,0,2.54E-13,2.17E-19,0.004646691,0.002505837,0.000411578,0.001487632,5.72E-48,1.76E-05,0.001980808,4.13E-08,0.000919462,6.21E-17,7.01E-27,2.16E-97,0.002905298,3.93E-13,2.26E-101,6.56E-07,2.68E-20,1.87E-31,0.000656985,1.96E-19,8.89E-31,0.001086826,0.005318591,0.003761623,1.36E-26,0.003932777,0.001529352,6.31E-32,4.50E-22,6.17E-94,0.002813603,0.001335746,2.88E-13,0.002294247,0.000753089,2.64E-34,0.002712086,2.59E-29,1.32E-26,3.77E-12,8.27E-06,6.24E-26,6.07E-15,1.07E-50,2.57E-14,1.44E-46,0.000861268,6.62E-26,2.52E-34,3.38E-23,0.00231555,8.07E-25,2.41E-22,0.001095335,4.80E-51,0.003918958,0.002441247,0.00210615,0.00148731,0.000934543,0.002441247,3.49E-48,5.89E-23,1.47E-22,0.002828198,0.000271141,0.001329455,0.002177128,0.00228435,9.86E-16,0.00044937,1.96E-18,0.001215189,0.0009206,3.93E-07,0.00087735,8.80E-68,1.57E-06,3.50E-101,1.47E-14,4.01E-48
8,0.01243112,"y, x, xy, y2, e ",1.78E-11,2.47E-95,1.38E-96,3.63E-85,2.21E-52,3.30E-08,2.33E-161,9.59E-54,3.39E-48,0.000610384,2.60E-65,0.000176917,5.67E-88,4.67E-17,2.52E-13,0.000494303,1.31E-07,0.005251269,0.001998419,2.42E-62,0.001566002,0.001230491,0.001828134,2.48E-14,3.50E-49,1.46E-09,0.000408975,0.003538515,0.001120904,0.007594481,1.68E-26,1.40E-38,0.002326875,3.40E-12,0.000154178,1.65E-12,4.36E-07,2.39E-27,0.000953638,3.89E-17,3.90E-09,3.08E-20,2.80E-58,0.000808011,0.001322249,1.25E-22,0.004035943,0.001354892,0.000929834,8.94E-10,0.002958931,5.30E-08,0.00124255,6.09E-30,9.31E-43,0.001446517,6.46E-46,3.66E-131,8.53E-35,0.010249491,5.89E-16,0.0013194,0.000160247,0.00146034,4.83E-06,0.000549112,3.31E-20,2.16E-34,7.53E-30,0.002034154,0.00249731,0.000625592,9.59E-16,0.000880798,0.000627824,0.003538515,4.05E-12,4.93E-119,0.004964622,0.001144697,1.56E-43,3.35E-16,1.45E-08,0.000101848,0.000540022,0.000844551,1.44E-36,0.000508203,2.39E-07,9.45E-20,3.39E-29,8.92E-55,0.001021086,2.87E-13,0.000732185,5.53E-08,2.74E-06,4.48E-31,0.002363054,3.83E-09,2.44E-19,2.97E-11,0,2.03E-30,6.01E-54,1.01E-111,3.15E-130,0.001155708,1.96E-67,3.50E-06,1.87E-75,1.11E-65,0.000210554,6.23E-09,1.93E-56,4.26E-43,3.29E-13,1.83E-32,7.43E-42,1.24E-47,0.001450851,2.26E-09,5.84E-25,0.000456476,1.15E-13,1.53E-29,3.43E-13,1.45E-85,0.000264771,0.000821022,7.13E-09,7.39E-10,8.91E-33,0.000330268,2.80E-06,0.000938081,1.17E-17,0.002815419,5.29E-151,2.80E-53,0.000925879,0.002376779,0,0.000270103,2.83E-27,0.000315539,0.000307805,1.04E-12,6.54E-10,4.15E-128,2.79E-39,0.003537065,0.000289506,1.97E-17,0.000867047,1.25E-87,1.12E-05,1.30E-17,5.93E-25,3.84E-54,1.52E-39,6.41E-56,1.33E-73,0.000624094,0.000172959,0.000361486,0.000142448,0.003974124,4.92E-05,9.37E-19,0.001399453,3.90E-13,2.03E-87,1.43E-78,5.59E-36,0.003601388,2.12E-27,2.15E-09,8.96E-08,8.69E-24,8.05E-68,0.001364447,5.40E-14,4.06E-55,0.000773558,0.00027057,4.75E-07,5.08E-13,2.14E-73,4.81E-47,1.01E-74,2.23E-17,0.000268389,1.12E-33,3.89E-83,1.49E-18,1.05E-61,0.000980832,0.000313368,4.31E-87,0.002167681,0.003538515,0.000603007,0.001638531,0.00054316,0.003538515,5.50E-27,1.43E-10,6.46E-92,1.77E-10,3.30E-23,4.60E-10,0.000532464,0.000993538,8.47E-21,3.56E-12,0.002237773,1.83E-09,0.000501541,0.001214464,4.65E-43,6.32E-49,0.00036064,0.00163119,1.22E-13,1.20E-59
9,0.0211822,"symmetri, dualiti, anomali, break, gaug ",1.16E-64,3.96E-68,5.51E-102,7.76E-107,4.85E-73,2.73E-70,4.58E-100,8.53E-47,1.60E-09,7.13E-44,2.09E-15,2.31E-109,9.41E-101,0.000558842,1.32E-10,1.61E-19,0.000875777,0.000174023,7.29E-24,0.000511244,0.0004486,0.000150276,0.000708937,6.12E-13,1.33E-100,2.79E-22,0.000790188,0.0048383,0.001145593,0.011516792,0.000210283,0.000965691,0.001643488,0.000862862,0.000741472,0.000763105,0.0024439,1.55E-58,0.001806047,0.004575123,0.005223871,0.000482376,1.62E-57,0.001507649,0.000575685,2.10E-44,4.75E-05,0.000220448,0.00365815,0.001163913,0.001867628,5.25E-194,4.60E-07,0.005189247,4.89E-139,4.59E-26,7.38E-128,3.85E-155,0.001498495,0.005150665,0.000215207,0.00057288,2.09E-49,0.003437701,1.15E-25,0.000163845,1.41E-08,0.000441238,0.001491774,0.003569816,6.99E-13,2.76E-63,1.59E-05,0.000271429,0.002042223,0.0048383,0.000683153,3.05E-54,0.002612543,0.002890127,1.94E-112,3.86E-40,2.66E-130,2.16E-08,0.000325523,0.000100913,1.02E-32,0.001297274,2.38E-49,5.17E-59,7.74E-64,0.000709864,0.000959339,6.12E-16,2.64E-33,6.49E-05,0.000453516,0.001175964,1.72E-19,0.001312433,9.54E-37,1.93E-38,0,2.98E-74,1.47E-137,1.65E-115,6.13E-150,9.39E-83,1.22E-56,0.002303286,2.10E-69,2.96E-65,0.002459407,0.000240109,0.000462634,3.20E-106,0.000106608,1.23E-22,8.19E-05,3.43E-73,0.000284768,0.000600821,1.62E-25,0.000685633,0.000614825,2.62E-06,8.32E-35,1.93E-129,0.003067793,0.000336357,0.000597132,1.34E-79,6.88E-38,0.001154856,0.000439435,0.00111312,3.60E-23,0.001324797,0,4.94E-17,0.000775402,0.002682867,0,0.002306942,6.62E-09,0.001981527,0.000619028,1.50E-16,0.001373596,1.31E-164,6.80E-15,0.005433673,0.000579639,0.000344341,0.000391724,8.98E-120,5.31E-129,2.68E-07,7.83E-37,2.65E-36,2.58E-98,1.69E-31,0.000865474,2.22E-56,2.10E-09,0.000604302,0.000844137,0.001101081,5.85E-12,0.000256891,0.000811964,0.000651033,1.93E-22,2.41E-82,1.11E-61,0.006262489,2.08E-23,0.002122176,0.000902597,0.002408653,0.000219698,0.001816492,1.31E-38,0.002077413,2.45E-10,0.000457901,5.28E-82,4.05E-24,7.74E-73,2.95E-26,1.92E-42,2.64E-28,0.000234419,0.007179299,0.003316829,3.15E-25,0.00046117,0.057905789,0.002131338,1.86E-88,0.001760316,0.0048383,0.001963088,0.001553587,0.000262823,0.0048383,1.13E-129,0.000476974,1.45E-90,0.002272199,5.50E-17,0.004966681,0.00140899,1.05E-20,0.000358566,0.001974074,0.000814544,0.000593223,0.001069271,1.92E-56,1.82E-107,6.27E-71,9.01E-15,1.52E-06,0.000944336,8.79E-56
10,0.0288408,"integr, path, function, amplitud, quantum ",2.23E-36,1.23E-30,1.87E-115,6.09E-41,3.38E-37,1.78E-101,3.69E-68,2.49E-98,1.95E-32,0.000375266,1.80E-73,9.30E-49,5.96E-41,0.000329607,0.00052946,1.27E-16,1.82E-45,1.34E-34,1.62E-64,3.82E-05,0.000725484,0.000136997,0.002584538,0.000449209,5.22E-58,0.001918686,0.000970387,0.004753233,0.0073812,0.004354007,2.00E-05,2.35E-06,0.000980862,1.80E-25,0.000456893,1.04E-13,0.004167804,0.000433478,0.000714201,0.00279915,0.001198796,0.001632567,2.14E-14,0.005669785,3.21E-45,5.01E-27,0.002810049,0.001439237,0.001171516,0.003535411,0.002528126,3.44E-73,0.001761146,5.89E-10,3.12E-29,0.001938755,0.000390079,7.05E-120,0.001560946,0.00897211,0.000621411,0.00027569,2.98E-18,0.003025747,1.94E-10,0.000105971,0.0021857,0.000142399,0.005056343,0.002058622,0.003472181,0.001970256,0.000132018,0.000454443,0.001092265,0.004753233,0.001865317,2.87E-29,0.005148087,0.001251943,4.12E-50,5.08E-144,1.58E-71,0.000945924,9.95E-05,7.96E-05,3.85E-57,9.32E-13,2.87E-61,1.24E-105,5.52E-148,5.43E-49,0.001033606,0.000363101,1.66E-53,0.000964022,3.61E-31,0.000456836,0.001505633,0.000430262,4.24E-45,1.37E-58,0,4.61E-93,1.07E-93,1.53E-74,3.02E-198,1.83E-07,3.12E-36,0.00205429,1.14E-125,3.73E-58,0.001026547,0.000559841,0.000212192,1.83E-47,4.05E-60,6.09E-59,8.58E-05,7.06E-05,0.000124566,0.002560349,7.33E-31,2.34E-25,0.000155611,5.56E-31,4.70E-23,6.69E-57,0.001675091,0.001698344,0.00167938,4.80E-17,6.29E-55,0.002880065,0.000547037,0.000713189,0.000438178,0.001946,1.55E-235,1.45E-70,0.000241305,0.00329567,0,0.000998195,0.000774804,0.004541552,9.48E-11,0.00016871,0.001890227,3.01E-161,0.006408478,0.004456105,6.29E-06,0.000926897,0.001042469,0.000779213,1.11E-17,2.02E-17,2.45E-29,5.11E-85,1.32E-103,1.60E-72,0.000442377,3.69E-09,0.001902854,0.000623084,0.000239551,9.51E-09,2.65E-10,2.52E-25,0.00269949,0.000899789,6.17E-120,5.68E-81,2.60E-66,0.004793132,1.58E-11,1.01E-22,0.00445694,0.00248104,0.0002987,0.002276574,0.001674307,4.72E-97,0.004350343,0.00609394,1.12E-55,5.17E-08,0.000190922,2.55E-11,8.73E-34,0.000614759,9.45E-05,0.000597662,5.43E-85,0.000246668,0.000637465,2.83E-35,0.002147323,2.15E-50,0.002109311,0.004753233,0.00134772,0.001900517,0.000471802,0.004753233,4.30E-52,2.79E-06,6.38E-108,0.002001761,0.001346878,0.001326114,0.000669215,0.004585776,0.000113694,0.000340305,0.001771806,0.00067929,3.73E-25,1.58E-12,3.24E-113,3.51E-112,0.001424107,2.99E-74,0.001622795,1.56E-35
11,0.02033266,"q, v, oper, vertex, q1 ",1.17E-27,1.61E-29,1.10E-90,2.06E-85,2.15E-49,2.41E-54,1.13E-39,2.06E-35,1.90E-09,1.56E-20,2.86E-22,4.32E-73,5.91E-05,1.14E-07,5.38E-05,7.59E-13,1.91E-20,0.000373722,2.53E-20,5.26E-06,1.58E-43,2.07E-28,9.44E-09,6.23E-20,1.29E-54,1.16E-13,1.56E-15,0.001983655,0.000191024,3.20E-10,1.58E-09,4.44E-30,2.13E-25,0.000679301,1.20E-08,1.75E-29,7.05E-09,2.05E-21,0.000926478,2.17E-07,4.67E-18,6.22E-05,1.33E-44,0.005679041,9.00E-23,2.66E-15,0.00533787,0.007437659,0.00264868,0.003873097,2.01E-14,0.00274933,1.66E-07,3.04E-31,3.37E-30,6.49E-33,1.55E-52,1.05E-83,1.16E-18,0.005352255,3.13E-05,2.95E-12,0.000467917,1.51E-14,0.003273809,1.12E-11,0.004661224,0.000262988,2.04E-08,0.000675745,0.001725831,1.75E-25,0.000385383,3.35E-13,0.001123886,0.001983655,5.20E-05,1.03E-69,2.35E-07,0.00142738,1.97E-95,3.50E-62,2.30E-38,8.50E-45,0.001610034,0.002104495,0.000223458,0.004817787,1.95E-16,2.07E-22,4.19E-22,9.59E-15,8.76E-10,1.02E-12,0.00040241,3.34E-16,1.20E-17,0.000349545,0.002262268,6.98E-32,2.19E-17,6.91E-14,0,9.34E-09,0.000742916,2.68E-37,2.54E-99,1.77E-23,5.24E-07,6.55E-07,9.16E-71,2.21E-16,6.25E-08,2.50E-11,8.06E-18,3.06E-28,0.003832593,1.38E-05,2.33E-11,3.55E-18,0.000773979,0.00047068,8.18E-26,0.000254059,6.98E-16,0.00053055,9.94E-26,3.12E-17,1.15E-15,0.000636348,0.000341739,2.15E-15,0.000270318,0.000148147,0.001133192,0.000977394,2.14E-26,7.83E-11,3.27E-48,9.12E-21,2.37E-08,3.86E-05,0,1.87E-15,0.000487617,4.82E-10,0.000194732,5.11E-09,1.79E-08,0.000220934,3.02E-05,0.003797235,1.04E-12,0.000156015,3.42E-31,0.00159472,0.000821022,0.000114778,4.72E-18,1.10E-52,1.50E-27,3.87E-39,2.94E-18,0.001674121,0.000990406,1.32E-05,4.66E-07,0.007018329,0.000154564,0.000546013,0.00089667,1.21E-10,1.27E-35,6.72E-18,8.71E-27,0.002015735,3.47E-25,2.44E-38,0.000181636,4.68E-12,6.88E-37,0.00127686,1.43E-20,3.15E-42,4.40E-20,0.001383369,5.60E-06,1.61E-06,1.64E-23,0.000309282,8.84E-30,8.92E-10,1.45E-21,2.60E-12,6.33E-37,1.43E-06,0.000512312,9.86E-05,2.53E-11,7.88E-64,0.001143743,0.001983655,2.65E-10,0.000386778,3.61E-06,0.001983655,8.11E-46,1.23E-11,7.91E-96,0.0014863,1.11E-07,7.97E-09,6.89E-17,3.94E-23,0.000626298,2.45E-12,4.80E-09,0.000727389,2.52E-05,0.001385099,1.19E-45,1.82E-15,3.03E-17,4.67E-42,0.001493917,3.31E-41
12,0.01982323,"h, b, s, h2, transform ",2.51E-78,6.40E-44,1.08E-66,7.18E-107,9.00E-61,1.02E-61,2.13E-40,1.54E-67,1.99E-24,2.92E-23,0.000216677,1.98E-61,1.50E-17,1.65E-07,1.74E-13,9.62E-13,6.69E-47,0.00233768,2.34E-35,2.22E-33,1.46E-37,2.88E-21,4.57E-05,1.97E-09,6.40E-17,0.00094374,6.84E-14,0.003964724,3.11E-22,0.005598733,2.00E-31,7.06E-47,0.000566475,6.34E-11,0.000900975,0.000253065,0.003504521,0.001973419,0.000469631,0.001148719,0.005381137,2.25E-05,1.39E-37,0.002672039,4.02E-24,0.000322312,0.001046418,1.88E-05,0.000824228,2.74E-14,0.002639989,1.18E-93,9.63E-19,1.08E-42,2.17E-52,9.68E-28,6.74E-68,3.12E-99,0.00060808,0.006572058,1.94E-05,0.005913713,6.43E-31,2.51E-07,1.03E-05,4.71E-06,2.20E-05,5.19E-29,3.04E-07,0.002787165,0.001827198,9.30E-07,1.17E-06,2.46E-16,7.92E-13,0.003964724,0.000532833,2.20E-26,0.004892534,0.000594032,7.21E-73,8.66E-78,7.99E-50,3.97E-34,0.000100751,4.36E-11,0.000429491,0.002086018,0.000425164,8.13E-10,4.93E-109,2.40E-08,0.0026279,0.000277749,2.44E-11,0.000775056,6.36E-32,1.31E-05,1.75E-06,6.18E-18,1.33E-33,8.23E-96,0,1.05E-58,2.14E-88,1.38E-85,1.89E-130,3.52E-30,1.17E-17,1.59E-06,3.91E-54,0.000952451,0.002731869,2.88E-06,0.000193315,4.33E-44,0.000631746,9.49E-18,1.37E-12,1.21E-39,0.000619058,0.000325005,1.15E-24,0.000759331,1.26E-26,1.02E-15,4.86E-27,4.31E-38,0.001378203,2.56E-10,1.02E-10,4.66E-19,0.000199951,0.000293286,0.001643931,0.000787717,4.20E-09,0.001246513,7.83E-289,1.16E-49,1.58E-20,0.001737915,0,0.000198663,0.000691073,0.003118904,0.000525977,3.84E-05,5.17E-06,2.42E-122,5.70E-22,0.004363658,1.09E-09,2.82E-13,1.12E-13,8.24E-26,1.84E-23,4.17E-43,1.40E-16,4.58E-52,3.63E-30,6.54E-37,2.67E-09,9.54E-24,1.70E-12,3.01E-22,1.07E-14,0.004619344,1.77E-14,2.89E-06,0.002263061,0.000815182,1.11E-33,8.49E-23,5.58E-33,0.003801403,3.61E-27,3.30E-43,1.36E-07,9.26E-12,0.000155531,0.00179354,1.88E-25,7.82E-35,0.000731058,3.07E-11,0.000538721,9.64E-23,7.33E-66,3.28E-17,3.15E-24,2.53E-19,1.01E-24,7.81E-29,2.16E-25,3.78E-06,0.00046499,6.98E-16,0.000122364,3.03E-56,0.007860941,0.003964724,2.76E-06,4.44E-16,2.09E-24,0.003964724,4.74E-70,8.30E-07,8.20E-09,3.94E-07,2.43E-05,3.21E-06,1.02E-22,4.97E-18,3.75E-19,7.70E-06,1.92E-10,0.00091909,1.05E-23,8.31E-43,1.18E-32,1.92E-86,0.000478266,1.69E-62,6.06E-10,3.09E-68
13,0.02429479,"fermion, boson, eld, sector, spin ",7.43E-08,0.000265204,2.88E-109,2.38E-133,1.07E-91,7.00E-51,2.47E-46,1.90E-70,0.000256825,0.000549608,3.03E-34,6.44E-148,1.89E-51,0.000312789,1.02E-15,2.80E-12,0.000271414,7.09E-31,0.00020216,2.36E-81,7.04E-72,0.001546749,0.002888964,0.000168433,7.28E-91,0.000232107,0.000206358,0.004379211,0.000848152,0.006713834,4.36E-59,9.55E-05,2.72E-10,0.000108388,0.001846838,0.000320821,0.002673351,0.001274966,0.001147931,0.000506277,1.16E-10,2.16E-18,5.41E-72,0.003470477,0.005256893,0.000228724,0.000293823,0.000679541,0.000652905,0.00158171,0.001860942,2.02E-42,5.60E-24,1.07E-25,1.36E-70,7.32E-35,5.92E-53,9.09E-129,0.000309488,0.003478719,0.000733125,0.000324572,1.50E-25,0.021519272,1.01E-11,0.002085102,2.91E-12,6.86E-67,7.23E-25,0.001087415,0.000922018,3.99E-05,0.002457129,0.000635206,0.002342737,0.004379211,0.003967343,1.00E-13,0.002571398,0.003044574,1.76E-124,0.000252831,1.34E-69,0.000115063,0.000874533,2.58E-06,1.25E-52,0.004334085,2.66E-24,4.42E-80,2.12E-63,5.09E-34,0.00067262,0.000749931,7.36E-31,0.000406276,0.001024263,0.000822635,0.001217154,0.001432117,1.04E-31,2.59E-37,0,2.58E-44,0.000204796,0.00026596,3.81E-85,3.69E-37,1.14E-22,0.000843643,1.68E-70,0.000312625,0.000109821,4.29E-08,0.000621086,2.53E-69,7.85E-64,1.19E-08,0.001269703,6.22E-31,0.000920827,0.001868376,4.65E-53,9.95E-05,0.003610121,0.000413292,3.31E-60,6.54E-49,0.002658727,2.68E-25,0.000616444,4.02E-38,0.000212082,0.000840044,0.00014695,0.00140275,7.78E-22,0.001943565,9.96E-263,0.000157071,2.58E-27,0.00159562,0,0.00192021,0.000128425,0.002151199,9.42E-19,1.14E-25,0.001142727,3.32E-40,2.58E-05,0.00776945,3.65E-05,2.36E-15,0.000490518,1.39E-76,1.24E-96,1.62E-109,1.00E-25,3.34E-69,5.98E-84,1.42E-85,0.000665748,5.23E-08,2.88E-16,0.001430368,0.000143212,0.003843155,0.001256839,0.000235321,0.001970661,0.002591898,3.27E-36,1.02E-77,3.12E-89,0.004647965,1.87E-05,1.00E-08,0.001498172,0.000571947,1.42E-74,0.006669642,3.61E-79,1.10E-23,4.58E-24,0.001088902,0.000134445,5.12E-15,9.32E-52,0.000151185,6.18E-18,0.00036284,0.000250569,7.00E-16,1.51E-10,1.03E-52,0.000444251,0.003792128,0.001365357,1.84E-124,0.003227752,0.004379211,0.001337617,0.002095769,0.001529947,0.004379211,1.20E-124,6.98E-19,5.35E-177,0.002022951,0.000737146,0.001799111,0.000901328,0.000707663,0.000997989,0.000410682,0.000625846,0.000792834,6.23E-07,7.82E-05,6.46E-05,0.000145157,0.000377071,1.45E-60,0.00184576,3.47E-66
14,0.01833066,"cid, e, m2, e2, o ",4.09E-29,1.57E-12,6.11E-184,1.28E-71,0.000406897,0.00013842,1.73E-46,0.000120265,0.001840439,0.002499781,2.59E-09,1.48E-39,0.002844422,1.27E-16,0.001112311,0.000291496,0.000386644,1.31E-09,1.80E-25,1.15E-18,8.20E-21,1.39E-31,0.000106513,8.04E-08,7.75E-41,3.84E-08,8.78E-05,0.000807479,0.001492892,1.45E-06,5.59E-18,6.74E-05,5.47E-35,8.27E-18,1.05E-24,3.86E-13,3.59E-31,0.000283622,7.63E-16,0.00021535,0.00026271,0.000329193,1.45E-06,1.03E-05,1.62E-29,0.001149559,8.62E-06,7.52E-08,0.00123291,1.03E-10,0.000436715,6.59E-05,8.99E-19,1.15E-45,2.42E-15,3.21E-22,8.56E-20,1.02E-61,2.98E-06,0.018015865,0.000115328,0.002198756,1.35E-17,0.002642178,1.09E-07,0.000639178,0.004165917,0.000156531,0.000491163,0.000641829,0.000171323,5.29E-22,9.36E-05,1.47E-20,7.43E-10,0.000807479,8.79E-08,0.000340346,1.46E-16,1.40E-18,4.89E-79,3.12E-06,2.09E-38,8.91E-13,0.000457376,3.01E-07,0.001239874,0.000144618,1.95E-12,1.11E-28,0.000310471,3.46E-07,0.001366227,0.000517585,0.000182343,0.000532308,3.97E-21,4.65E-29,2.35E-12,6.60E-29,1.37E-31,3.16E-54,0,5.52E-38,4.15E-77,1.47E-108,2.35E-82,2.55E-20,0.001962496,0.000545242,1.35E-99,2.35E-31,2.63E-05,0.000410424,1.31E-74,4.23E-24,0.003777046,0.001125647,0.011646722,5.88E-13,0.001141633,0.000171336,0.000341728,1.34E-34,3.29E-14,3.27E-25,2.38E-19,3.71E-16,0.000396074,9.11E-13,1.98E-17,1.05E-13,1.34E-12,2.27E-05,0.000941553,3.21E-08,3.60E-14,0.003539479,0,4.65E-12,0.010163286,0.000886151,0,2.05E-15,2.20E-27,0.000116181,0.000237422,1.03E-29,1.45E-07,2.39E-188,4.45E-35,0.000550257,2.07E-25,0.000123378,0.000541085,3.91E-12,9.02E-26,2.38E-51,2.61E-08,2.18E-22,4.93E-31,1.31E-30,0.000178228,0.001480828,1.83E-23,0.000699512,5.76E-05,2.40E-09,2.25E-22,0.000364892,1.13E-05,0.000182128,1.34E-40,0.000263061,2.52E-08,0.000632774,9.75E-30,0.001140461,1.13E-31,1.30E-16,0.000321431,1.37E-07,3.63E-41,2.64E-51,0.00256607,4.18E-10,8.37E-40,2.08E-39,5.09E-06,0.000545783,3.13E-05,3.85E-08,5.13E-20,5.11E-10,1.12E-51,0.000191989,8.27E-20,0.000547629,0.002689858,1.01E-28,0.003381454,0.000807479,5.47E-07,0.000955729,3.75E-05,0.000807479,5.42E-93,0.000852516,2.33E-79,3.15E-06,0.000309213,0.001015746,0.000161882,0.000222149,7.44E-16,2.20E-25,1.84E-06,0.00112514,3.05E-06,5.31E-38,9.93E-05,0.000536889,0.000421626,1.15E-51,2.32E-05,4.13E-30
15,0.04197836,"black, hole, solut, dilaton, mass ",7.54E-06,8.49E-05,1.14E-18,6.50E-05,1.40E-138,0.000111426,1.91E-116,5.81E-139,3.09E-05,0.000375227,8.91E-96,0.000165207,3.01E-05,0.000205138,6.71E-10,0.000691421,0.000108584,1.07E-63,4.40E-146,3.23E-44,8.28E-20,1.36E-220,0.001834583,0.000552071,2.90E-72,2.50E-29,0.002114431,0.004552896,0.001406511,0.005587315,2.95E-60,2.39E-50,0.000424957,1.53E-05,0.000935811,0.000763191,0.002078091,1.21E-52,0.000181292,0.003245808,0.003205172,0.000640225,4.34E-20,0.002394202,7.22E-06,1.04E-05,0.000443604,0.000736059,0.000441946,0.00017397,0.000191559,3.51E-145,0.004053029,2.06E-24,8.06E-150,0.000332365,5.14E-218,3.77E-05,0.000879774,0.004681394,1.27E-05,7.59E-98,4.08E-37,0.00408139,6.42E-13,0.000600243,0.002093791,4.43E-35,0.002361928,0.001083061,0.000217362,0.000147687,0.000167578,0.000146934,0.000737452,0.004552896,0.000173972,2.18E-205,0.003192016,3.83E-14,0.001495992,2.08E-246,3.16E-118,0.000255575,0.000983202,0.00026103,2.36E-116,7.82E-07,3.22E-116,1.46E-149,1.67E-286,2.49E-138,0.000596214,1.64E-188,2.12E-12,0.00287549,2.64E-34,0.002041171,0.000216879,0.000627914,6.10E-44,4.52E-169,0,5.09E-102,4.05E-71,7.10E-220,0,2.54E-28,4.47E-45,0.001279303,3.37E-213,2.24E-63,0.000500686,0.000448374,2.69E-08,4.34E-56,0.0002305,3.47E-44,2.48E-07,3.16E-182,9.45E-59,0.001619557,0.000101846,6.31E-121,0.000547961,6.84E-05,0.000702433,7.01E-30,0.002747624,0.000231536,0.001334701,1.97E-05,0.000278367,0.000195203,8.25E-12,0.000719715,1.42E-05,0.000932072,2.75E-231,0.001817573,0.000958171,0.002096809,0,0.001024058,2.22E-66,0.001455847,0.002262409,0.000210189,0.001000672,5.05E-124,0.001950955,0.004465607,0.000786032,0.001568122,0.000105187,3.63E-40,1.55E-38,7.40E-154,3.71E-18,0.000218214,6.21E-115,7.35E-05,0.000358813,3.69E-16,3.21E-06,0.000879959,0.000452549,0.002254346,0.000183807,0.000768846,2.82E-11,0.000586546,4.19E-146,9.88E-05,7.04E-46,0.004584331,2.82E-15,0.000189497,0.002667221,0.001320188,1.03E-34,0.002041103,0.00784768,4.19E-54,0.024801937,0.000369233,7.88E-81,0.000259069,0.001471241,4.79E-16,6.69E-213,0.001259017,3.35E-05,2.65E-56,3.89E-45,6.43E-85,0.000644433,3.20E-22,0.002618412,0.000379906,0.000326918,0.004552896,0.001826752,0.00265051,5.25E-05,0.004552896,7.32E-87,0.00016198,3.34E-57,0.002340468,0.000477079,0.002421497,0.000221101,3.16E-14,0.000546636,0.001158723,0.001050522,0.000176531,0.000879752,1.48E-220,3.60E-252,2.20E-116,0.000404535,3.40E-219,0.001975557,1.09E-218
16,0.01672783,"u, su, j2, sn, u0 ",6.90E-11,4.86E-116,1.11E-123,4.20E-112,5.33E-20,5.22E-25,0.000247741,3.97E-68,1.24E-15,5.71E-07,4.34E-36,3.58E-70,3.05E-12,0.002609793,1.61E-07,7.15E-30,1.12E-30,7.69E-16,4.12E-53,4.10E-48,3.69E-28,3.06E-54,0.000150207,2.96E-06,1.10E-53,0.000693026,0.00046555,0.003148132,2.34E-17,0.00484018,0.000372181,5.87E-24,0.000665746,9.95E-27,3.46E-19,4.38E-27,0.00335509,5.90E-13,0.000576534,0.003833876,1.71E-11,4.10E-11,4.74E-44,0.003299793,8.74E-11,1.50E-28,0.003719698,9.70E-13,0.000713214,6.82E-06,0.000826234,1.84E-88,0.001152599,0.000284148,7.75E-21,2.11E-05,9.17E-102,7.67E-43,0.000212124,0.006032962,1.27E-20,0.000798405,0.001151876,5.67E-05,0.00255705,5.93E-08,1.83E-07,1.14E-32,0.000992849,1.93E-08,0.001915204,1.63E-42,2.09E-13,8.34E-07,0.004004324,0.003148132,0.004928862,0.000456033,0.004361588,0.000133948,2.84E-85,1.46E-10,0.000408893,5.58E-30,3.69E-16,2.36E-05,0.000120016,0.001222859,2.26E-36,3.92E-41,2.90E-75,5.49E-13,0.000273662,1.74E-06,0.0008528,0.001947626,0.002361816,0.00178756,0.001926008,0.000423576,7.59E-22,2.33E-29,0,4.50E-22,5.27E-43,3.81E-56,1.47E-112,9.16E-34,0.001355884,0.00039631,1.21E-12,3.98E-13,1.80E-09,0.002286387,2.95E-61,1.46E-37,2.69E-26,0.000104146,0.000105297,6.97E-06,0.002574979,0.001182061,5.55E-49,0.000395034,4.21E-37,0.001863262,6.28E-19,1.42E-69,0.000211401,2.37E-10,6.04E-14,0.000229763,8.46E-22,4.04E-16,8.75E-05,0.000466493,2.60E-11,0.00124474,0,1.47E-46,1.26E-11,0.001484539,0,0.001489769,3.36E-39,0.000574805,0.002284107,1.24E-10,0.000525079,6.03E-64,8.66E-09,0.003033621,2.59E-06,2.42E-19,8.52E-08,0.000805961,6.04E-07,3.01E-59,3.85E-21,4.61E-37,1.74E-08,1.86E-49,0.000207328,1.96E-07,5.16E-14,0.001346604,0.000133144,0.003364494,0.000361277,1.12E-22,0.001087174,0.001825507,6.55E-69,8.29E-41,3.31E-25,0.003095704,1.22E-08,2.65E-44,0.001125066,0.000389388,3.79E-52,0.00031425,1.12E-17,0.000972683,0.002306146,0.001683676,0.000188329,2.25E-21,1.73E-60,1.42E-47,9.31E-74,0.000380018,2.03E-32,0.087737104,0.000249133,2.12E-41,0.000196207,2.86E-08,0.00037901,5.26E-34,0.00374917,0.003148132,1.45E-07,5.15E-05,1.22E-13,0.003148132,5.95E-57,3.20E-14,1.10E-15,0.000112943,0.00032877,0.0009038,1.38E-07,9.07E-06,2.95E-35,3.16E-08,0.000916023,0.000726818,0.001234851,0.002688197,1.35E-16,9.50E-65,5.50E-17,0.000209544,0.001022972,0.000146067
17,0.03456416,"quantum, algebra, deform, classic, generat ",1.33E-93,8.68E-135,1.83E-94,1.43E-97,2.95E-126,9.62E-102,1.95E-72,4.56E-59,1.56E-41,1.66E-13,9.68E-53,2.34E-92,1.57E-58,0.000633841,3.21E-05,0.000408064,1.80E-11,1.05E-11,2.68E-43,1.24E-11,1.31E-47,1.09E-24,0.001160148,0.000535612,2.14E-09,0.000554236,0.000890446,0.004903194,1.24E-38,0.005141535,0.000539352,1.52E-35,0.000670743,0.000231361,1.14E-06,8.59E-05,3.82E-05,0.000314521,0.000488955,0.003279783,4.99E-06,0.000566299,0.001224158,0.000956704,1.45E-10,2.11E-39,0.006954192,0.00317601,3.24E-05,0.002108879,0.000776174,8.23E-93,0.000806462,7.37E-17,1.66E-89,0.000525697,0.000205363,1.06E-230,1.01E-06,0.006323709,0.00122766,0.000969371,2.78E-11,0.000284298,0.006733096,1.17E-31,1.56E-07,8.01E-08,1.48E-38,0.003230021,0.002423999,0.00088636,0.002612127,0.001275864,0.001948824,0.004903194,1.21E-11,3.52E-107,0.00330174,0.013822002,4.58E-152,3.05E-43,2.39E-87,1.34E-50,0.000712231,0.000408086,0.0001351,0.000660096,0.000737076,2.05E-13,2.63E-42,1.38E-51,5.25E-11,0.000271783,0.000491072,1.23E-12,6.65E-33,0.001189819,0.004137226,0.001309685,2.81E-23,4.14E-65,0,4.64E-31,3.53E-16,2.23E-32,6.47E-148,2.83E-70,0.000120964,0.001867749,7.01E-83,2.58E-85,0.001401699,0.001229678,5.26E-23,1.04E-30,7.40E-59,5.48E-43,1.74E-35,0.001365325,0.003054763,0.002667206,0.000249697,5.90E-25,0.000368009,0.000275192,4.86E-34,1.89E-69,0.001826371,0.000611948,0.000973546,2.98E-43,1.80E-08,1.89E-11,0.000191419,0.002007634,0.000451653,0.003170494,1.74E-223,1.30E-72,0.000335386,0.004602529,0,0.001860707,0.00031452,0.000402693,0.002841921,0.000582001,4.77E-12,2.29E-139,0.002726044,0.004853181,1.91E-51,0.000115184,0.000235314,7.20E-80,2.30E-51,4.11E-24,5.60E-20,1.87E-30,6.02E-25,5.70E-35,2.26E-50,1.13E-06,0.000888369,0.001230187,0.000116317,0.010982762,0.000628144,0.001125804,0.000514534,0.000322004,1.20E-46,1.93E-15,3.14E-100,0.004876404,8.30E-12,2.12E-08,0.004557855,0.001129913,8.95E-133,0.000490479,4.70E-35,2.51E-23,2.83E-29,0.006336193,0.00079859,7.01E-38,1.97E-81,6.44E-20,9.92E-18,0.000984474,0.000225281,0.000257729,0.000493239,0.00012243,2.79E-24,0.003687811,0.002154518,3.85E-05,0.000649521,0.004903194,0.00066609,0.000350564,0.000369909,0.004903194,7.77E-89,1.07E-36,1.24E-33,0.002403799,0.002663458,7.73E-10,3.07E-34,3.27E-09,0.000595553,0.000374364,0.000816171,0.000656324,0.000466419,0.000553111,7.72E-71,8.07E-16,1.30E-19,1.00E-43,6.49E-06,1.49E-40
18,0.02499569,"loop, lattic, invari, surfac, link ",3.95E-161,5.94E-163,6.26E-206,4.74E-145,1.33E-24,7.20E-29,1.30E-49,1.61E-73,9.60E-05,1.07E-57,0.000111644,6.00E-171,2.13E-120,1.15E-11,8.18E-18,9.62E-05,0.000703737,1.54E-26,2.19E-10,5.33E-59,6.36E-05,7.69E-21,0.001571072,0.000184309,6.49E-42,0.001720216,0.00029011,0.00472521,0.002156266,0.005111155,5.78E-48,2.07E-05,0.000672061,0.001186262,0.000985102,1.88E-09,0.001020379,0.000106487,4.15E-09,0.002830535,0.00049595,0.002025361,0.000665286,0.003878014,5.20E-05,0.00098758,0.003288453,0.002239197,0.001517078,0.000772991,2.67E-05,9.14E-159,0.00090422,0.001942178,9.56E-134,0.000951778,1.17E-80,2.51E-202,0.000612028,0.002078621,3.18E-05,1.86E-44,3.51E-27,3.46E-07,2.73E-14,0.00138975,2.85E-06,5.26E-88,1.96E-08,0.001346791,4.45E-09,0.000627255,0.001053249,0.000231813,0.000854202,0.00472521,2.60E-09,5.92E-22,0.001586067,0.000563919,1.22E-30,1.48E-106,4.85E-154,0.000723044,0.000491875,0.000266595,2.44E-91,0.000231491,1.40E-12,2.40E-41,2.69E-77,1.22E-80,0.00100436,6.15E-14,0.000536728,4.52E-09,0.000748409,9.15E-12,0.001178135,3.88E-20,2.59E-31,4.16E-147,0,4.90E-163,2.65E-207,1.06E-05,3.80E-263,8.70E-05,0.000189808,0.001028184,2.37E-74,5.69E-33,0.000293065,3.92E-06,8.70E-21,2.36E-122,0.000358666,6.36E-35,2.50E-46,3.63E-58,7.81E-30,0.001302548,0.000260762,2.41E-19,0.000270722,0.000206936,4.99E-63,4.37E-144,0.000307274,3.65E-15,0.001834762,1.26E-16,6.31E-71,0.001093535,0.000159627,0.00170023,0.000161672,0.000616047,1.76E-273,1.44E-142,0.000148697,0.003126346,0,0.001682686,7.98E-26,0.004892337,0.000448086,0.000212893,0.001023999,0.00151964,0.001818425,0.004514719,0.000409695,0.001714136,0.000716601,2.57E-33,2.09E-93,2.11E-33,1.24E-30,1.11E-51,2.02E-58,1.60E-21,0.000514415,3.97E-05,5.04E-05,3.39E-29,2.10E-14,0.001916475,4.35E-07,0.002844022,0.00119597,0.001633818,5.23E-31,2.02E-61,3.45E-147,0.005208821,0.000750009,1.61E-05,0.001252023,0.002038615,1.43E-112,0.001086187,0.00086491,6.14E-85,6.61E-09,1.01E-06,0.000167063,0.000522282,6.06E-85,0.001236589,4.28E-18,1.04E-15,0.000649472,1.28E-14,7.77E-87,5.87E-17,0.000443386,2.48E-25,0.001970751,3.14E-40,0.002109445,0.00472521,0.001215961,0.000699496,0.001233188,0.00472521,1.22E-10,0.000268022,7.95E-15,0.001147571,0.00022741,0.006412639,0.000138233,0.002115718,0.000746686,0.000838615,0.001926972,8.66E-18,0.000165983,2.45E-05,9.75E-65,7.32E-111,0.001684113,5.86E-06,0.000158182,1.10E-91
19,0.0194722,"f, equat, eld, ab, aa ",2.78E-77,3.76E-115,1.45E-85,1.68E-34,8.68E-15,3.32E-42,1.16E-54,2.14E-60,1.62E-45,2.13E-07,3.35E-32,2.04E-74,0.00031654,0.000753809,0.000562693,0.001378286,1.18E-56,0.000880888,0.000182247,6.24E-45,2.98E-45,1.47E-42,8.80E-06,8.49E-05,1.34E-50,0.005528831,0.000709149,0.002227775,6.29E-07,0.00125648,1.86E-25,1.72E-41,0.000757857,7.29E-20,0.000266909,0.000407122,0.004980249,1.33E-21,5.31E-13,0.003759659,0.008341769,2.00E-06,4.97E-32,0.000106496,0.001337865,0.000342224,0.004623422,0.001580007,0.002470688,0.013230064,0.002512084,3.48E-159,0.001785469,6.28E-47,6.62E-16,3.80E-34,2.52E-64,2.93E-150,3.07E-06,0.005446252,0.000447264,0.000405155,4.90E-06,0.016747705,1.88E-07,0.00128731,0.026415865,1.03E-16,3.33E-13,1.70E-05,1.62E-05,1.76E-17,0.004488207,3.07E-07,0.000227312,0.002227775,1.86E-21,2.86E-36,0.00621602,0.000217744,2.71E-56,9.83E-73,4.58E-34,1.40E-21,0.000240121,8.27E-13,0.000116196,0.002559032,0.002557231,0.001722554,1.52E-35,0.000394428,0.002771124,0.000562816,0.000759783,0.000336939,6.34E-35,0.001255875,3.79E-08,0.000209927,5.25E-24,3.16E-69,0,5.09E-05,1.11E-35,1.62E-90,6.12E-132,2.30E-30,3.90E-22,7.78E-16,3.61E-38,4.00E-50,0.002707184,0.001072755,7.18E-05,2.51E-50,2.14E-29,0.0001127,0.000136067,7.14E-62,6.22E-24,0.000204138,5.31E-05,1.31E-06,1.97E-09,7.46E-12,0.008742942,2.88E-41,0.002285006,1.35E-07,0.001638031,3.78E-46,2.96E-18,1.47E-17,5.40E-05,0.003861691,4.75E-19,0.002130828,1.31E-249,1.36E-47,0.002065223,0.007256502,0,8.63E-11,1.06E-16,0.002408336,0.001062345,1.29E-31,0.000580146,2.25E-138,6.06E-08,0.001650153,1.32E-05,2.28E-07,0.000578097,7.37E-26,0.001081765,8.80E-76,1.34E-14,9.17E-84,4.47E-40,2.61E-50,3.62E-24,0.000361782,2.05E-17,1.89E-06,8.91E-09,0.004682413,8.89E-20,0.00077793,0.00401719,5.99E-20,3.31E-30,1.37E-18,1.18E-26,0.00260521,3.74E-06,1.54E-39,0.000335759,0.000260269,7.64E-56,0.000825845,1.67E-21,1.02E-49,5.40E-05,3.20E-10,1.30E-05,0.000233121,2.83E-73,0.000325044,4.32E-14,5.78E-09,5.27E-05,3.69E-44,2.29E-58,0.000902934,0.000477273,0.001140124,0.002149053,1.09E-65,0.007225367,0.002227775,0.0017256,1.77E-13,1.09E-27,0.002227775,2.68E-12,1.65E-37,4.48E-83,0.00430658,0.000678568,1.44E-06,1.03E-16,0.00401874,2.58E-08,0.000932514,6.16E-07,5.83E-05,5.82E-10,0.0005999,2.33E-80,6.27E-49,1.49E-07,9.09E-79,0.001140319,6.33E-49
20,0.02646815,"theori, eld, conform, represent, fusion ",3.27E-11,3.77E-44,1.98E-05,6.11E-186,1.52E-74,1.16E-58,2.45E-152,1.69E-19,0.001489668,2.55E-16,0.000573709,7.39E-50,8.54E-80,0.000129338,6.70E-08,0.000563245,5.54E-06,0.000206246,4.08E-20,0.000481315,1.82E-08,1.92E-95,0.001740425,0.000649491,0.000409672,0.001935801,0.000951357,0.004656384,0.002579619,0.006108104,3.62E-20,1.62E-58,0.000473194,0.000685391,0.000718529,0.001263859,7.67E-05,0.000751398,0.000794089,0.001710982,1.35E-05,6.81E-15,6.45E-87,0.008669452,0.003260237,2.56E-40,0.002795422,0.001061574,5.22E-19,0.000168201,0.002089053,0.000164898,0.001859353,5.98E-05,3.27E-78,0.000552194,0.000139959,1.95E-237,0.000209436,0.004838917,4.59E-06,1.22E-20,0.001868039,0.027103397,0.003749077,0.001837242,1.04E-26,1.40E-05,0.003311087,0.004175887,0.00149072,0.000167975,0.000959509,0.000379134,0.002816629,0.004656384,9.94E-11,5.25E-80,0.004482184,0.000782101,2.19E-211,1.48E-138,2.60E-170,0.000568285,0.000736339,0.001493084,0.000315152,0.001859131,1.57E-23,2.34E-103,4.31E-179,0.000117024,2.29E-05,0.001107533,0.000173407,0.000848416,0.001830307,0.000770183,0.000239052,0.000981846,9.69E-20,4.64E-34,0,4.08E-56,3.67E-89,4.21E-131,1.00E-70,1.57E-79,0.000814995,0.002516202,2.85E-111,0.000107613,0.001771407,0.00057299,0.001359909,0.000248031,0.000186376,0.001421595,0.000779744,4.01E-07,0.002564508,0.000417768,2.85E-154,0.003657066,6.12E-39,0.000116373,3.39E-10,0.000476187,0.002342084,7.67E-33,0.000783864,6.28E-11,0.000229598,1.59E-50,0.000870459,0.001176574,1.34E-05,0.00299466,0,0.002369314,0.000576571,0.00488386,0,0.001161509,2.71E-07,0.00126109,8.17E-17,8.88E-53,0.002713406,1.79E-194,0.000757903,0.005110256,2.64E-26,0.000544789,3.94E-14,1.41E-53,1.51E-89,3.10E-77,9.01E-25,0.000146364,2.58E-13,1.89E-82,5.39E-46,0.000582911,9.64E-07,0.000374596,0.000116446,5.21E-13,1.72E-17,0.001593409,0.002068697,0.002785239,1.85E-14,0.000917229,6.19E-10,0.004896808,0.000533504,5.82E-64,0.002261334,0.000636788,9.07E-14,0.002206395,2.80E-38,1.33E-41,0.000450641,0.000611016,1.25E-25,0.000592335,6.17E-114,2.45E-07,0.000312851,0.00075439,2.31E-38,0.002695808,0.001565813,9.56E-57,6.20E-09,0.003075646,0.001112508,8.07E-71,0.001967739,0.004656384,0.000973683,0.002154526,4.15E-18,0.004656384,5.52E-70,0.000322431,8.67E-232,0.000535065,0.000638197,0.001448918,0.001242139,2.35E-34,0.000865477,0.000281136,0.000648582,0.000374596,0.000978812,7.90E-48,4.72E-72,5.74E-21,0.001063728,1.92E-05,0.002389812,4.73E-84
21,0.01642611,"w, s, eld, vector, singular ",1.49E-53,7.82E-59,8.16E-65,6.55E-31,0.000767983,1.59E-15,6.90E-55,1.01E-21,5.61E-05,1.28E-51,3.97E-16,2.66E-136,0.001527467,8.62E-07,2.44E-05,0.000375485,3.85E-39,0.006572186,0.001975067,1.81E-26,4.27E-12,7.54E-39,0.001123168,2.86E-05,0.001556139,2.76E-05,4.63E-22,0.003192275,1.72E-07,2.10E-05,1.92E-21,5.31E-40,1.43E-09,0.000480521,0.001533997,1.43E-08,8.29E-05,5.42E-41,3.68E-21,1.74E-05,2.85E-05,0.000821998,1.58E-40,0.00104075,6.94E-17,2.35E-07,0.004256271,0.001804372,0.001268627,0.002372485,4.69E-14,3.13E-101,2.58E-06,1.30E-28,2.94E-06,2.60E-27,4.96E-62,4.15E-150,0.000451029,0.000363508,0.001468971,2.55E-28,3.04E-20,0.017110782,1.30E-14,1.39E-12,6.93E-15,4.36E-34,2.03E-15,0.002076858,0.00513323,3.44E-23,0.000326134,5.72E-35,0.002060817,0.003192275,1.86E-18,0.000294789,0.004602009,0.000123448,1.14E-30,2.06E-67,1.00E-44,0.000142625,2.85E-25,5.68E-14,2.61E-30,0.002738973,2.18E-15,3.81E-15,1.16E-80,1.82E-05,2.26E-07,1.12E-14,0.000269233,4.68E-11,0.002143509,9.04E-06,0.000176804,7.12E-12,5.61E-18,7.42E-67,0,6.36E-15,2.48E-69,5.44E-05,6.46E-150,2.47E-21,6.87E-19,4.90E-07,2.12E-38,3.48E-17,0.001160734,2.74E-20,3.47E-29,1.54E-29,3.83E-22,1.29E-11,5.32E-22,1.70E-28,0.000177889,0.000503492,3.77E-70,5.97E-19,3.89E-36,7.29E-34,2.58E-45,2.51E-21,0.000634447,7.98E-21,4.17E-07,9.75E-08,1.47E-24,2.33E-05,1.82E-17,0.001444247,0.000294985,0.003325325,4.73E-156,4.29E-40,0.000103262,0.000356812,0,0.000743622,8.89E-29,1.99E-05,1.38E-15,0.001796928,0.002236519,2.86E-137,0.00081624,0.003107222,1.59E-07,2.78E-11,0.000184328,4.69E-46,7.74E-35,7.27E-22,3.80E-19,1.72E-52,0.000141365,1.53E-29,5.89E-36,1.45E-26,6.12E-12,8.39E-27,1.91E-15,0.002034859,0.001410895,0.000522008,0.000824694,0.000138167,7.41E-18,3.20E-11,1.07E-30,0.003109539,0.002767006,1.79E-40,0.001773978,0.001163066,1.70E-72,0.000203402,0.009481767,1.90E-21,6.80E-29,4.73E-14,1.49E-28,8.88E-30,3.53E-66,7.66E-28,0.000841126,0.000502104,3.27E-32,4.73E-33,0.000172783,0.000729556,9.60E-11,1.13E-07,6.17E-05,1.26E-63,0.006224249,0.003192275,0.000124245,1.49E-08,1.30E-05,0.003192275,4.24E-72,4.18E-09,1.94E-97,0.000578243,0.001104338,0.001037997,0.000453251,7.11E-07,0.000798694,1.95E-24,7.60E-06,9.37E-13,2.48E-15,1.03E-29,1.37E-44,0.000351365,0.000297449,6.44E-91,1.22E-17,4.56E-62
22,0.02101058,"d, e, o, phys, run ",5.67E-28,5.86E-49,5.78E-105,3.31E-65,5.74E-50,6.42E-13,1.14E-59,1.66E-49,3.08E-26,2.02E-27,6.22E-46,2.46E-49,1.68E-49,4.66E-20,1.33E-22,9.06E-08,1.44E-20,1.45E-13,8.85E-40,2.84E-32,2.54E-36,3.25E-30,7.47E-12,2.45E-12,4.20E-26,2.92E-09,4.27E-05,0.023099545,3.33E-15,6.57E-13,6.54E-20,2.39E-26,2.41E-14,1.17E-17,1.33E-11,6.54E-23,3.60E-20,8.99E-25,9.82E-05,1.72E-08,2.17E-14,1.38E-30,1.26E-23,5.84E-14,1.07E-30,0.008534714,0.004782241,1.59E-14,9.83E-14,2.70E-18,4.26E-12,5.68E-121,4.06E-13,1.31E-27,1.29E-48,3.34E-25,1.12E-44,6.99E-78,5.59E-18,0.195298367,3.31E-11,7.08E-20,6.33E-28,6.18E-14,2.74E-18,1.30E-23,5.07E-18,9.05E-23,2.08E-10,6.29E-15,9.78E-19,2.62E-18,1.30E-16,7.88E-27,2.52E-10,0.023099545,5.63E-13,1.38E-51,2.01E-10,1.20E-16,1.25E-25,2.16E-53,2.34E-76,3.25E-28,1.16E-19,4.71E-25,7.81E-19,5.47E-17,0.003294152,2.11E-28,2.63E-48,4.47E-12,6.12E-22,7.29E-18,6.77E-07,2.16E-19,1.13E-31,0.001273175,2.60E-16,1.84E-18,5.52E-26,1.17E-68,0,2.55E-31,6.05E-63,4.28E-71,9.28E-103,5.37E-21,1.97E-36,1.06E-16,1.71E-78,2.21E-31,1.72E-18,3.58E-24,7.35E-51,1.00E-62,2.67E-24,2.10E-17,3.77E-23,0.000795009,7.31E-18,2.14E-12,2.17E-34,5.41E-16,4.44E-26,2.82E-09,7.45E-31,1.47E-82,9.75E-18,1.70E-11,2.98E-25,2.84E-12,9.57E-21,5.09E-06,8.49E-13,0.002383418,2.18E-17,3.05E-15,3.66E-176,2.97E-31,0.028910387,4.41E-16,0,9.84E-19,6.56E-29,1.96E-15,1.37E-10,1.88E-18,5.77E-18,1.76E-12,4.07E-08,0.022513697,7.99E-30,5.76E-15,8.69E-22,4.10E-16,1.90E-52,2.16E-18,7.01E-22,4.31E-58,6.74E-48,1.27E-54,4.42E-38,5.24E-06,6.80E-22,8.46E-10,5.96E-09,4.43E-12,3.83E-21,0.000266513,5.11E-13,7.24E-28,1.49E-48,6.64E-35,4.28E-77,0.023513307,1.07E-39,1.16E-28,6.53E-17,7.13E-09,1.89E-76,1.37E-17,9.01E-21,9.50E-50,5.61E-21,1.99E-09,2.82E-32,6.43E-13,8.11E-46,1.76E-18,1.35E-34,2.92E-12,1.98E-20,1.20E-39,2.70E-45,1.13E-14,4.41E-20,1.69E-15,4.82E-10,1.00E-48,0.000720788,0.023099545,6.44E-21,1.13E-10,1.34E-10,0.023099545,3.71E-50,1.72E-15,2.20E-78,3.83E-13,4.32E-28,8.66E-16,5.99E-23,9.53E-18,6.74E-26,5.42E-22,0.005278944,6.37E-13,1.30E-23,6.07E-37,6.27E-72,6.21E-46,2.49E-13,1.45E-45,3.08E-13,2.39E-46
23,0.03606042,"function, point, boundari, perturb, scale ",2.51E-83,1.13E-124,1.05E-100,4.32E-146,2.10E-48,1.29E-29,1.02E-43,2.03E-77,6.75E-06,2.10E-17,7.85E-36,6.38E-82,3.48E-90,1.15E-45,3.31E-13,0.00030631,0.001100154,1.16E-65,5.11E-67,2.21E-70,0.000806437,1.47E-32,0.002442753,0.001402366,2.61E-64,0.001215604,0.003629895,0.004924101,0.006131785,0.002452033,0.000204021,9.89E-05,1.03E-10,0.002927273,0.000567163,0.000494331,0.008016699,1.47E-16,0.001138473,0.004147194,0.008633577,3.65E-05,7.78E-37,0.002711552,0.00018334,2.24E-36,0.002989264,0.000231218,0.004207591,0.005989253,0.006277421,5.41E-83,0.003603964,5.48E-25,6.10E-133,0.000317337,7.99E-06,2.93E-117,0.000924726,0.004049282,1.07E-18,9.36E-31,4.28E-38,0.007775627,5.36E-22,6.44E-06,0.00449612,7.37E-17,0.003796156,0.000145893,7.21E-05,0.000511378,0.000199259,2.14E-06,0.000463816,0.004924101,0.005583967,1.70E-108,0.001029805,0.000680565,0.000412069,9.00E-11,9.23E-42,0.001225628,0.002146239,0.000268796,2.82E-75,0.002420208,1.81E-37,2.78E-15,8.79E-11,0.001051194,0.002070998,0.000296035,0.000256578,0.000995609,1.35E-15,1.25E-07,0.000626077,0.00097145,2.51E-38,5.28E-05,0,1.61E-94,3.19E-89,7.96E-64,5.80E-251,1.15E-21,8.72E-05,0.000984507,1.18E-104,2.79E-31,0.004387544,0.000393197,1.02E-12,2.74E-55,0.000987719,9.85E-44,1.32E-17,6.67E-75,5.72E-56,0.001359799,4.93E-21,2.27E-14,0.002739181,0.000412582,9.53E-35,4.79E-07,0.000807859,0.000961812,0.005254822,7.30E-05,3.23E-16,0.00053625,8.11E-05,0.000291883,0.000231207,0.000417756,3.65376441350364e-311,1.25E-67,0.010541335,0.005330593,0,0.002129894,5.98E-26,0.017736443,0.003027387,0.000330752,0.002048907,3.60E-145,0.002646517,0.004254229,0.000748521,5.91E-05,3.71E-20,2.67E-66,5.93E-134,7.54E-50,1.41E-24,5.51E-65,1.81E-63,4.02E-39,4.05E-17,1.69E-11,0.000760225,2.20E-10,0.000247312,0.001778068,0.00058285,2.84E-07,0.001417819,0.000248396,5.78E-27,1.98E-36,2.14E-12,0.005381153,4.15E-19,0.018530786,0.001050321,0.001974899,1.51E-115,0.004554388,0.002586217,8.98E-53,0.000340506,0.003051167,6.06E-86,1.29E-29,0.000167796,3.22E-14,2.51E-98,0.001033874,1.39E-13,1.20E-46,1.37E-67,0.000522454,0.000822971,3.01E-06,0.002688712,0.000483425,0.008759276,0.004924101,0.002129116,0.001369502,5.81E-05,0.004924101,2.93E-54,7.08E-09,3.56E-41,0.002042451,0.000361884,0.002351651,0.002858058,6.02E-22,0.001474976,0.000584083,0.000542447,0.000324623,0.012718331,8.00E-46,1.85E-68,3.23E-43,7.14E-07,8.52E-65,0.001588419,4.05E-57
24,0.0214513,"g, action, wzw, wznw, form ",9.42E-91,2.63E-93,1.20E-105,6.97E-29,3.69E-50,1.87E-29,8.77E-92,3.92E-58,7.34E-27,1.63E-42,1.55E-16,5.95E-62,8.07E-26,2.50E-13,0.029394073,2.36E-06,6.17E-08,6.12E-15,7.90E-31,9.22E-47,8.24E-05,1.94E-56,2.50E-07,2.65E-10,6.61E-67,0.001901445,1.14E-08,0.002926207,8.97E-10,0.011718418,1.08E-27,4.88E-31,0.001202254,0.000831601,1.93E-08,1.85E-06,0.000271573,1.91E-23,0.000688211,0.004654227,0.00216754,0.000330531,1.16E-06,0.009988626,0.001609801,8.51E-05,0.002485869,6.96E-06,4.24E-05,0.001121199,0.000967316,2.61E-133,2.03E-07,9.80E-36,2.25E-57,7.19E-36,3.67E-29,9.33E-22,1.23E-17,0.002918054,1.34E-16,2.07E-24,0.000160123,4.41E-06,0.003037389,0.005132573,3.81E-13,7.76E-49,0.008132138,0.004496072,0.001233524,5.71E-11,0.001073961,0.000978726,5.25E-05,0.002926207,0.000168482,9.24E-18,0.004338945,0.000840021,4.60E-25,1.12E-40,9.70E-05,1.69E-14,4.16E-18,0.001097224,2.10E-29,0.001684658,9.19E-17,4.26E-27,4.72E-52,1.56E-07,1.96E-19,1.08E-25,1.44E-20,5.42E-22,0.000502154,0.001045997,1.07E-05,5.91E-16,1.03E-24,8.43E-45,0,5.19E-28,1.13E-61,4.04E-61,3.27E-83,2.52E-43,9.91E-19,0.001360605,7.83E-41,1.15E-07,8.79E-10,0.001182507,1.07E-16,9.89E-62,3.33E-29,2.28E-09,6.55E-29,1.46E-26,7.39E-27,0.001897511,3.60E-48,0.000130793,3.10E-33,4.06E-18,2.31E-16,5.34E-30,0.00148634,3.78E-18,3.87E-08,1.45E-50,3.96E-34,5.78E-10,3.41E-05,0.002538534,5.95E-12,0.001115,1.84E-206,3.52E-45,0.003417138,5.65E-06,0,0.001045616,1.27E-08,3.76E-09,3.55E-06,3.01E-09,0.004144731,3.59E-50,3.52E-08,0.00527135,2.70E-06,1.19E-08,3.53E-17,4.82E-15,1.84E-83,1.91E-16,2.82E-22,3.05E-71,1.62E-27,3.04E-50,9.37E-40,3.47E-10,1.86E-15,2.23E-20,9.75E-18,1.87E-07,2.77E-12,0.001477209,1.03E-10,0.002176195,4.10E-30,9.70E-38,1.51E-82,0.002712997,0.000661841,1.79E-22,0.005398978,0.000193349,3.92E-24,0.004137103,8.77E-17,0.001191789,4.09E-14,1.81E-12,3.78E-21,2.34E-12,5.42E-51,3.10E-37,3.42E-66,9.08E-07,2.12E-13,1.53E-08,0.001528055,2.03E-07,0.000232428,5.16E-07,8.38E-05,2.35E-35,0.001968779,0.002926207,2.94E-05,0.002378106,7.25E-06,0.002926207,3.33E-54,0.000574869,2.48E-106,0.003661584,0.000813385,0.005227772,1.39E-07,1.70E-29,5.75E-09,6.71E-19,0.000397029,2.01E-12,7.48E-21,1.66E-17,0.000289298,7.13E-53,3.65E-17,8.29E-37,8.00E-15,2.00E-48
25,0.02012372,"preprint, physic, de, univers, hep-th ",2.62E-58,5.44E-106,9.69E-98,8.31E-93,1.16E-60,1.35E-55,3.73E-112,8.85E-100,6.54E-35,4.67E-48,4.89E-46,2.01E-65,7.71E-64,1.11E-12,1.58E-10,6.49E-16,4.34E-21,2.55E-22,5.06E-87,0.002460493,2.22E-49,1.61E-26,0.010701131,3.20E-14,3.06E-39,0.002693943,3.95E-10,0.012399832,9.72E-20,1.12E-11,5.43E-19,5.05E-52,5.22E-06,5.32E-23,1.59E-08,3.31E-19,0.00189143,1.38E-26,4.51E-09,3.23E-08,0.000191176,2.87E-23,0.001682018,5.78E-10,1.25E-29,1.13E-37,6.47E-13,6.52E-18,9.44E-09,0.002672173,1.71E-26,8.50E-16,4.49E-07,0.002342419,1.85E-76,9.31E-11,2.42E-100,7.80E-141,4.31E-12,0.018423973,1.55E-18,1.49E-26,7.08E-35,3.31E-14,6.44E-11,3.31E-07,2.23E-14,0.006303272,2.27E-07,0.000779477,7.74E-10,7.66E-21,0.000223672,0.002824325,7.28E-11,0.012399832,0.001788353,1.29E-87,1.68E-09,3.12E-21,1.94E-30,1.08E-20,9.93E-07,5.38E-09,0.000346597,7.32E-08,1.86E-40,3.24E-31,1.59E-47,1.99E-67,3.61E-103,1.71E-20,2.21E-13,0.000978698,2.40E-29,0.000974401,6.52E-08,0.000486291,0.000855395,0.000268128,1.74E-15,4.44E-24,0,1.79E-69,8.86E-74,2.52E-64,5.03E-120,0.00037769,2.48E-33,5.56E-12,2.09E-104,1.88E-42,0.00216272,3.20E-11,1.00E-27,2.95E-68,4.25E-30,0.000468036,0.000959051,0.00182623,1.24E-29,9.26E-12,2.44E-63,0.001786037,7.34E-16,0.000463853,8.10E-34,2.45E-85,9.77E-27,0.000603805,0.001047382,0.000495313,0.000225153,5.51E-26,0.00043257,0.002177782,0.000832789,0.001838473,5.38E-48,0.000715444,8.27E-29,7.62E-07,0,7.19E-07,1.08E-11,8.24E-11,0.001837821,3.03E-19,0.00026125,0.001205749,7.07E-16,0.012621804,4.83E-16,0.000624602,0.00020429,0.000184827,2.95E-55,9.76E-58,2.83E-18,5.08E-73,7.21E-101,1.75E-57,0.000219281,0.001365154,0.002755368,0.004416806,0.000585941,0.003252412,9.91E-13,0.000622161,0.000170494,0.001627342,1.04E-77,1.04E-83,2.87E-123,0.011838442,9.79E-49,2.13E-25,0.00066487,6.67E-06,4.55E-70,0.000112636,2.97E-06,8.05E-31,2.40E-26,1.00E-05,1.93E-52,1.51E-11,1.78E-83,2.89E-31,0.000141849,0.000391028,0.002168257,8.12E-27,1.55E-54,0.000576413,2.26E-11,1.46E-10,2.88E-16,1.49E-65,0.003580518,0.012399832,2.68E-09,2.30E-10,4.48E-14,0.012399832,1.22E-18,1.55E-29,4.60E-124,2.33E-08,0.000186602,3.16E-07,5.01E-21,8.32E-20,4.41E-05,6.97E-05,0.004217398,0.000733486,6.15E-23,7.61E-44,9.02E-127,9.44E-71,2.82E-17,3.03E-37,0.000386656,5.45E-49
26,0.02202996,"n, 2n, pn, n1, wn ",1.04E-52,1.50E-23,2.81E-103,1.32E-42,7.16E-35,8.55E-27,1.08E-56,7.31E-75,5.09E-10,0.003620117,5.88E-31,9.53E-138,1.15E-22,7.58E-16,3.14E-08,1.71E-15,9.43E-24,2.33E-18,9.50E-07,5.88E-18,1.15E-23,3.53E-39,4.80E-09,0.000500161,6.83E-48,0.000835653,7.49E-05,0.001368734,0.000853421,0.000259255,1.26E-35,1.52E-10,0.000369171,0.002602455,0.000668418,6.30E-05,9.43E-07,0.00015762,0.001148934,0.000277515,4.18E-06,7.32E-08,4.34E-14,0.000127111,3.56E-08,1.00E-31,0.004192585,0.001107937,0.000387468,2.26E-05,3.97E-05,5.78E-72,0.000226726,1.82E-32,5.82E-17,4.04E-05,1.47E-62,1.87E-136,0.000241651,0.000500974,0.002821933,5.06E-09,1.15E-11,2.78E-10,5.51E-07,0.003987659,3.97E-17,6.04E-22,3.64E-07,1.59E-08,3.05E-05,1.39E-18,6.35E-05,2.21E-06,6.14E-07,0.001368734,0.000832164,6.17E-14,7.55E-09,5.83E-07,4.65E-97,1.34E-50,1.43E-19,2.52E-05,0.002075776,0.002037889,1.35E-19,0.000282718,2.01E-10,1.56E-31,1.23E-42,0.001463801,6.23E-11,1.45E-16,0.000411112,2.05E-07,6.65E-11,5.05E-06,0.003034959,0.000375074,1.38E-26,3.40E-69,0,2.61E-15,9.81E-72,2.04E-45,1.18E-133,5.87E-40,3.48E-25,0.003781842,2.61E-65,0.000966624,4.88E-06,2.79E-09,8.07E-05,6.98E-27,1.33E-24,9.25E-22,9.96E-22,6.29E-05,1.34E-21,1.51E-08,5.35E-12,0.000764442,2.27E-17,0.000297641,7.57E-46,1.67E-14,6.41E-08,4.20E-05,0.001950098,1.07E-30,1.25E-22,5.25E-06,6.58E-14,2.65E-10,0.001766277,2.98E-06,4.24E-260,6.43E-63,0.004367785,6.09E-05,0,0.000459796,1.21E-05,0.005559952,1.37E-10,2.59E-07,0.001435135,5.30E-124,4.47E-08,0.001315421,0.000320402,0.000714443,0.00017035,1.20E-53,7.31E-33,1.16E-25,1.29E-22,1.23E-55,4.12E-51,2.98E-53,0.000316855,3.28E-07,4.34E-05,1.44E-07,8.00E-14,0.00016601,1.61E-08,1.31E-05,7.26E-05,0.000576253,1.20E-44,0.001341735,1.95E-62,0.00144135,6.18E-11,0.000333973,0.000273442,8.94E-06,3.25E-51,1.23E-05,1.74E-15,2.40E-34,6.10E-11,1.98E-05,2.68E-08,2.57E-39,4.02E-53,2.47E-17,4.98E-65,2.27E-08,0.001734509,2.87E-08,1.06E-31,1.43E-09,1.59E-22,1.09E-07,0.002848747,6.12E-18,0.001891767,0.001368734,6.50E-05,0.000456715,6.21E-09,0.001368734,2.13E-27,2.20E-10,1.92E-129,8.40E-05,0.000922389,1.85E-05,0.000224651,1.30E-09,4.78E-06,8.63E-05,0.001057236,7.05E-10,2.46E-11,9.88E-28,9.51E-09,5.10E-47,0.001364685,3.61E-39,0.000162151,2.08E-62
27,0.04594666,"theori, string, eld, graviti, conform ",3.62E-46,2.13E-43,6.06E-38,1.58E-49,5.02E-108,2.12E-95,2.98E-41,1.94E-96,7.82E-23,1.73E-23,1.54E-38,6.36E-38,1.70E-46,1.69E-29,0.005661299,1.55E-15,4.95E-23,3.63E-31,4.52E-56,3.56E-41,1.64E-29,1.41E-05,0.00224826,0.000416392,4.14E-125,7.66E-11,3.95E-10,0.004615471,0.000591645,0.001015636,4.04E-40,8.71E-09,1.41E-13,5.53E-33,0.000202184,0.000881685,2.03E-12,2.60E-34,1.04E-09,0.004315307,0.001593112,0.001000334,9.83E-15,0.002546317,7.76E-12,1.21E-44,0.001953687,0.000484833,0.000734819,8.65E-07,1.27E-05,1.53E-122,0.006699272,0.002927225,6.44E-69,0.000223884,7.36E-164,1.83E-103,4.83E-11,0.003673871,0.000231169,1.77E-05,4.59E-38,0.058394516,2.60E-23,3.74E-13,1.66E-06,3.45E-26,0.00265219,0.002349931,0.001891312,7.45E-05,0.00118917,4.51E-13,0.001575273,0.004615471,0.003705643,3.57E-21,0.003141034,0.000456531,1.97E-84,1.30E-32,3.14E-123,1.55E-08,0.000603897,7.22E-07,5.13E-64,2.18E-14,1.81E-50,1.56E-76,1.11E-121,3.90E-38,0.003176655,5.46E-07,9.16E-05,0.002122144,8.80E-35,0.003694888,0.000162916,5.70E-05,1.08E-37,9.08E-73,0,6.33E-25,2.12E-85,5.66E-05,8.69E-235,2.03E-43,1.32E-28,0.00093431,8.88E-81,2.63E-09,0.00069919,0.000564494,0.00010025,5.78E-87,8.24E-40,6.14E-53,4.43E-23,3.07E-32,9.71E-19,0.000813999,9.42E-15,0.000167423,0.000375538,1.67E-30,0.001924482,2.09E-123,0.000314762,0.000733145,0.000458249,5.55E-32,2.06E-05,6.30E-19,1.14E-11,0.000973223,0.000504705,0.002441095,3.26E-255,3.59E-14,1.71E-07,0.000273035,0,0.001266233,7.01E-22,1.25E-05,0.000220251,0.000477277,0.002720475,3.50E-195,0.002863174,0.004347547,4.91E-10,0.000526312,0.000253819,1.10E-42,7.01E-102,2.00E-41,6.87E-27,7.15E-25,6.53E-78,1.02E-47,1.40E-32,2.01E-19,1.51E-05,0.002726757,0.000315737,0.0013136,0.00032196,0.00206487,1.03E-16,0.000880787,1.66E-21,3.94E-52,1.63E-107,0.005158251,5.79E-21,3.92E-16,0.001890353,0.002244014,3.93E-61,0.002606077,9.59E-09,3.18E-14,3.05E-05,0.00891875,3.19E-39,2.79E-05,1.18E-45,1.02E-33,8.71E-36,0.001553855,0.000714533,5.11E-40,4.92E-25,0.000164881,5.88E-06,0.000476851,0.000342227,4.64E-61,0.001967203,0.004615471,0.000564846,0.001008268,0.000136647,0.004615471,1.29E-34,0.001143975,8.81E-155,0.002608889,0.001780775,2.84E-11,5.21E-05,1.63E-12,0.000764418,3.52E-06,0.003442351,1.74E-09,0.000122705,3.32E-76,8.56E-65,0.000271587,0.000239676,9.24E-37,0.000803247,1.77E-88
28,0.0429,"gaug, eld, theori, invari, transform ",2.76E-58,7.58E-67,1.13E-165,1.67E-73,8.70E-05,3.92E-40,1.04E-88,3.93E-57,1.81E-76,9.49E-16,3.26E-05,1.54E-72,3.84E-16,0.000230634,0.01101975,0.001084797,4.96E-36,0.001949151,4.12E-20,4.74E-52,1.57E-37,0.000112555,0.001380573,0.000562173,1.06E-77,0.001732566,0.0003225,0.004727012,0.001013073,0.00560729,7.20E-34,2.07E-18,0.001554858,3.25E-31,1.50E-05,0.000929971,0.009284361,0.000832182,0.000810621,0.001582333,6.24E-05,3.93E-21,1.12E-30,0.000551968,0.000680091,1.39E-15,0.001943934,0.000226789,0.003608645,0.003185015,0.002205355,3.50E-232,2.82E-09,0.000185007,4.17E-74,0.000371485,5.46E-94,1.39E-67,0.000826378,0.004684963,0.001039704,9.72E-24,8.55E-33,0.027223451,0.000420236,0.000141349,0.002104746,4.20E-57,0.00025783,3.81E-12,0.000693246,1.74E-40,0.003487442,2.01E-16,0.002361122,0.004727012,0.000507002,0.000121879,0.003571547,0.003699216,8.13E-102,5.39E-59,7.25E-73,5.15E-20,0.000220991,0.000967507,2.69E-47,0.003687073,2.07E-21,1.55E-31,1.93E-24,1.53E-20,0.001561149,3.25E-13,0.000124425,2.52E-10,1.98E-41,3.13E-05,0.004933187,0.00093217,1.71E-28,0.000109956,0,4.70E-27,2.90E-111,2.22E-117,7.43E-100,7.64E-37,1.40E-11,0.001055359,4.99E-76,1.33E-46,0.002278007,0.000322014,1.94E-07,2.57E-111,1.49E-53,0.000109064,4.88E-10,1.39E-109,1.53E-54,0.001802317,7.21E-65,6.18E-26,4.86E-15,4.30E-05,2.75E-07,5.50E-68,0.000438567,0.000919298,0.000230839,1.10E-65,9.11E-21,3.61E-30,0.000714555,0.001061477,0.000356888,0.000876061,0,1.33E-38,2.58E-05,0.001921152,0,0.000942918,1.62E-54,0.00462678,0.002443332,0.000326221,0.000452013,3.16E-198,0.001170457,0.004665892,0.000168487,0.00054416,0.000736127,3.18E-26,0.000362573,9.05E-44,1.10E-22,4.30E-56,1.51E-91,4.70E-77,5.58E-49,1.36E-06,1.59E-06,0.000167816,0.001080472,9.92E-05,0.000701701,1.09E-14,0.000983616,0.00080117,0.000315206,1.36E-74,6.63E-48,0.004744972,2.05E-10,4.38E-40,0.003176718,0.001533938,6.63E-77,0.001927068,1.53E-10,4.96E-31,2.28E-13,1.32E-08,3.13E-14,0.000169704,7.94E-115,1.14E-17,9.98E-05,0.002247287,0.000269554,7.75E-29,6.89E-24,0.000277657,0.000630978,0.009998051,0.001435681,1.57E-104,0.007237717,0.004727012,0.00139094,0.001716966,0.000484073,0.004727012,5.46E-08,9.62E-10,1.32E-96,0.001550077,0.001904197,3.59E-12,0.0029377,0.003469648,0.000755198,0.002322434,0.000384035,0.001790132,0.001982009,7.80E-64,4.65E-60,7.81E-35,0.000707187,1.55E-44,0.001708059,3.55E-72
29,0.01648999,"t, s, t1, s0, t2 ",3.79E-35,1.88E-101,2.73E-50,1.04E-11,4.18E-52,1.16E-37,1.71E-73,6.70E-21,0.000169196,4.67E-20,1.92E-46,5.23E-64,0.001455105,2.38E-24,9.50E-11,3.89E-22,2.23E-43,3.68E-28,1.45E-34,8.10E-08,4.26E-30,1.55E-24,0.002704212,9.32E-09,7.79E-45,3.05E-13,7.91E-07,0.000917596,2.93E-13,0.003698037,4.55E-51,3.52E-05,9.44E-06,0.000523667,6.63E-06,2.78E-37,1.33E-05,9.31E-24,0.000679362,0.001075667,4.47E-05,0.000588965,1.97E-43,0.004174076,2.01E-30,2.23E-33,0.003008946,2.07E-09,0.001478637,0.001932517,0.00248821,3.23E-120,1.97E-22,2.72E-34,7.34E-27,1.52E-41,2.96E-72,2.03E-94,0.000405661,0.001993429,0.001254673,3.40E-31,1.21E-26,4.60E-07,8.18E-21,0.000195953,0.001737985,0.0008951,0.001297564,0.000751584,0.000772635,0.000164164,4.29E-17,0.000248199,0.000690462,0.000917596,0.001425541,2.76E-40,0.004911349,1.92E-14,4.18E-68,8.63E-94,7.61E-84,5.08E-39,1.94E-13,2.58E-15,5.21E-38,2.66E-11,9.76E-18,0.000119024,4.01E-79,0.000445124,0.00142107,0.001153342,0.000445737,1.32E-08,2.30E-27,0.00072497,8.74E-13,8.64E-13,3.23E-31,1.64E-08,0,4.60E-43,9.68E-77,0.000523259,7.27E-68,5.52E-27,4.95E-23,2.66E-06,2.90E-119,4.10E-38,0.001148647,0.000859467,0.000114855,1.07E-91,1.59E-20,5.69E-09,1.03E-26,3.59E-41,2.70E-18,0.00026556,4.88E-27,1.00E-29,0.000910219,5.84E-06,0.002515249,0.000509412,0.001516302,0.000434603,1.45E-08,6.51E-49,4.05E-15,8.37E-19,1.74E-23,1.00E-05,0.001330819,0.004735051,9.92E-264,3.10E-67,0.006586722,0.001335714,0,1.69E-07,0.000363292,0.002628725,3.37E-14,2.44E-06,3.61E-14,2.46E-145,0.002857,0.000708934,0.00074437,0.000401724,2.93E-29,1.73E-14,4.36E-11,3.97E-33,9.03E-18,5.18E-67,6.21E-47,3.72E-47,7.10E-12,9.06E-23,0.000907975,0.000602217,0.002390045,0.0004623,2.47E-12,0.00097643,0.000909625,1.64E-22,3.34E-18,8.10E-49,1.32E-92,0.000903216,1.34E-15,4.59E-07,1.37E-11,0.000330379,4.01E-60,0.001357227,1.46E-37,6.24E-37,6.26E-15,5.25E-07,1.66E-11,3.12E-34,1.01E-64,0.000324558,6.60E-61,0.001805952,0.000567881,5.03E-29,1.62E-37,3.23E-30,7.89E-27,1.31E-25,0.000777622,6.72E-75,0.004188984,0.000917596,2.11E-14,0.0022414,1.30E-11,0.000917596,3.93E-111,8.29E-24,0.000307073,0.002890467,8.15E-23,8.61E-05,0.000191236,1.96E-05,0.000364548,0.000569207,1.85E-05,0.001867085,1.04E-11,0.001483649,2.11E-52,6.19E-86,3.24E-06,1.19E-49,0.000580611,9.37E-31
30,0.02307503,"represent, uq, algebra, modul, generat ",0.00029297,8.16E-44,5.73E-82,2.20E-91,0.000358299,7.24E-159,5.63E-31,2.33E-82,0.000419919,1.66E-11,1.30E-12,9.25E-218,1.34E-48,0.001490318,0.001169711,0.00079831,8.07E-05,0.000425071,1.01E-07,9.97E-15,1.48E-107,4.31E-23,0.000670671,4.96E-26,5.95E-24,0.001264205,0.000123659,0.004272711,0.001202527,0.006115046,0.002303823,1.77E-08,0.000645859,0.000228112,0.000190739,0.000839235,0.000668153,7.11E-20,4.63E-38,0.002898583,5.89E-13,1.41E-05,6.75E-68,0.003048055,1.09E-26,2.14E-21,0.006748339,0.00127059,0.000320285,1.37E-08,0.003628723,4.05E-118,0.002350027,7.37E-49,1.41E-55,1.82E-53,1.04E-71,1.80E-287,2.96E-36,0.008823669,3.80E-10,0.009223411,0.001134812,9.79E-19,0.007284747,0.000659352,4.69E-21,4.09E-29,0.000825717,0.000910515,0.003177959,4.69E-14,0.00037703,0.000317586,0.000584901,0.004272711,0.001407574,3.30E-67,0.002246904,0.017087239,2.56E-241,9.18E-64,5.87E-51,2.42E-18,0.000829951,0.000314559,1.38E-28,3.69E-10,9.99E-05,3.26E-95,1.19E-40,2.84E-05,9.49E-10,6.91E-20,0.000310812,0.001784627,0.000613588,6.19E-11,0.000903881,0.000814928,2.46E-16,6.21E-118,0,0.000232492,2.04E-21,1.78E-55,2.31E-104,0.000192451,0.000218181,0.000751732,1.46E-82,0.000151315,1.77E-07,0.00025319,0.000703489,1.18E-25,8.91E-29,0.00287114,0.001621912,0.000592524,5.83E-19,0.000250775,9.22E-23,8.88E-14,1.10E-83,0.000156293,2.50E-45,1.93E-13,0.000785497,0.000958208,0.002909622,2.00E-17,9.06E-06,0.000219713,0.000925117,0.002385557,2.98E-28,0.001845126,0,6.55E-25,4.26E-08,0.003761858,0,0.001209577,4.23E-05,0.001175953,0.00143494,0.000924803,0.000884444,2.71E-241,0.00079533,0.004980681,0.000271709,4.01E-31,1.29E-07,0.000493554,5.49E-43,7.31E-75,2.61E-23,6.91E-45,1.49E-18,1.14E-57,5.77E-26,6.37E-05,0.000188831,2.71E-14,0.000631853,0.007577963,0.000411987,4.13E-05,0.001546683,0.000898882,6.16E-10,3.72E-27,1.13E-120,0.004505796,0.00099365,2.68E-97,0.00349655,0.000409533,1.09E-102,0.001875077,0.001658953,0.012396956,1.32E-10,0.000482503,0.000859965,7.15E-52,2.60E-90,5.36E-11,8.92E-75,0.000380211,5.43E-10,1.49E-22,0.000114657,1.21E-35,1.38E-09,9.31E-22,0.000235339,1.97E-135,0.000183673,0.004272711,0.000382822,0.00065126,0.000575234,0.004272711,6.85E-12,4.11E-22,7.23E-214,0.000999834,0.000515551,0.001458682,4.16E-26,0.000149019,1.45E-09,4.64E-21,0.000168424,8.49E-19,0.000275404,6.30E-15,7.56E-22,1.21E-32,3.67E-05,8.43E-17,2.91E-13,5.38E-20
31,0.03447483,"equat, solut, integr, hierarchi, system ",3.34E-113,7.48E-110,2.35E-25,9.00E-91,2.10E-20,2.32E-77,9.93E-43,2.29E-50,0.000160161,6.53E-19,4.78E-49,3.41E-63,7.75E-39,5.87E-10,0.000961505,0.00048674,4.61E-16,6.10E-14,5.47E-48,5.69E-38,1.35E-29,5.49E-67,0.002627642,0.000314268,0.000273005,0.004450143,0.000219444,0.00488824,1.54E-09,0.010986576,8.50E-57,1.17E-21,0.000697874,0.001880623,3.43E-13,0.000615732,0.008632064,1.26E-14,8.62E-07,0.003920371,0.003540942,0.001027639,4.44E-05,0.006971429,1.68E-09,1.18E-08,0.002236307,0.000190384,0.002934556,0.003236284,0.000267485,2.98E-135,0.000235676,0.002713236,6.76E-13,3.62E-09,7.78E-05,6.03E-140,0.000710209,0.002462724,0.000875929,7.63E-26,1.18E-25,0.000706062,0.000217371,1.33E-05,0.120500877,2.92E-50,0.001026209,0.002240669,0.000881558,0.000176082,0.000865595,0.001476566,0.002529204,0.00488824,0.000124394,5.98E-151,0.011995341,0.001614769,5.88E-89,1.68E-86,9.71E-40,6.59E-05,0.001175045,0.000676249,1.51E-31,9.30E-10,3.83E-26,1.51E-38,1.94E-68,1.89E-48,0.000631131,5.85E-40,0.000250629,0.002132281,4.18E-29,0.000417794,0.00010505,6.01E-05,4.92E-30,1.59E-93,0,3.20E-67,2.33E-104,9.64E-131,4.89E-124,3.31E-54,2.96E-31,0.002884219,7.62E-11,4.57E-40,0.002303957,1.01E-35,3.02E-19,0.000550517,0.0002124,3.85E-33,1.00E-32,0.000410102,0.001520371,0.001604709,2.47E-44,1.44E-24,5.25E-43,0.000121307,0.004830456,1.71E-70,0.003613622,0.000499147,0.001153084,1.07E-75,2.77E-13,6.06E-31,0.000766552,0.000389825,0.000897244,0.003167661,3.25E-292,4.88E-53,8.91E-27,0.007622877,0,0.001451755,9.32E-12,0.002405353,0.004266551,0.000701636,0.001825497,1.93E-204,0.003876921,0.00485841,0.000628253,0.000295369,0.000568459,2.38E-07,3.69E-38,1.54E-55,3.41E-30,9.36E-36,6.37E-28,2.53E-44,3.03E-59,0.000138847,0.000539337,0.000986679,6.39E-10,0.003145684,0.000982128,0.000456459,0.000110998,0.000986633,2.22E-43,0.000610811,1.08E-27,0.004725089,3.34E-10,0.00160496,0.003996876,0.001233695,1.44E-94,1.04E-08,1.37E-05,0.002225808,0.05671288,6.15E-12,9.08E-08,1.65E-11,7.11E-05,1.96E-05,3.61E-38,0.001241311,7.42E-13,1.47E-33,3.45E-18,3.50E-05,0.000278063,0.005142547,0.002232181,6.19E-116,0.004034328,0.00488824,0.000775595,0.002131999,0.000118325,0.00488824,2.62E-66,8.92E-05,8.71E-82,0.004494408,5.70E-05,0.001529824,0.000171777,0.00277493,0.000455206,0.000272738,0.000801419,0.00070666,4.73E-22,9.81E-11,2.15E-63,4.14E-83,0.002336923,2.72E-70,0.001828441,2.83E-50
32,0.02319389,"x, x1, x2, equat, dx ",2.67E-58,5.40E-97,9.02E-49,3.23E-85,1.00E-22,3.33E-09,1.11E-113,9.85E-49,0.000402321,0.000104301,1.18E-36,1.00E-40,1.09E-44,0.000612385,0.001783713,0.000186867,2.88E-37,0.000586376,2.03E-73,5.18E-47,4.69E-16,2.08E-09,4.54E-06,0.000614318,2.48E-19,0.001106365,0.000798952,0.002781289,3.68E-07,0.004631724,5.61E-27,0.000545446,1.13E-14,3.64E-13,1.19E-11,6.54E-13,0.000341788,0.002656239,1.37E-05,0.001830276,0.001646037,2.24E-20,3.28E-42,0.001503681,2.44E-05,8.16E-49,0.004889486,0.001372842,0.00044893,0.003878847,0.00042609,4.60E-51,8.20E-05,2.13E-30,9.48E-05,0.000132451,5.18E-43,9.69E-135,0.000581934,0.000564669,2.82E-08,1.14E-25,6.78E-05,0.011254646,1.18E-10,0.001581581,0.015171671,2.31E-19,5.13E-21,7.21E-09,0.001471205,2.97E-21,0.000355163,0.000504069,0.000983198,0.002781289,0.002419629,1.83E-73,1.01E-10,4.76E-08,0.00083695,2.06E-95,0.001728492,2.26E-15,0.000942307,1.71E-17,0.003011606,0.000405853,1.39E-11,1.06E-24,8.09E-50,5.99E-25,0.000625986,4.58E-17,0.001153552,9.95E-24,1.68E-30,5.04E-08,0.001108533,1.02E-18,1.51E-29,7.06E-70,0,2.79E-72,5.30E-98,2.89E-80,3.19E-120,9.49E-73,3.76E-31,6.26E-11,1.04E-99,2.47E-46,0.000734327,1.23E-17,9.91E-27,1.44E-44,1.70E-26,6.03E-30,8.63E-26,1.86E-62,2.66E-18,0.002883529,3.38E-44,3.64E-17,0.003848888,1.92E-05,0.003913957,2.35E-12,2.37E-05,1.07E-07,5.89E-20,7.28E-07,2.48E-08,0.000896962,1.53E-17,0.001935683,1.19E-15,0.004106131,5.76E-250,1.88E-18,7.60E-05,0.005597926,0,8.65E-07,2.40E-19,0.002550842,0.000316363,5.44E-06,0.000994128,3.05E-161,0.000842394,0.003830528,0.001097371,4.88E-19,1.31E-12,4.22E-17,4.06E-38,3.16E-22,1.39E-21,2.19E-78,1.13E-49,4.11E-30,4.28E-37,0.000339485,0.001757434,3.93E-10,0.000252083,0.002037304,0.000702312,0.002877731,0.00287711,1.08E-10,2.67E-47,4.82E-52,1.63E-54,0.00339084,3.21E-38,3.47E-30,1.83E-13,2.17E-11,2.17E-69,0.001545555,8.36E-19,3.25E-39,0.000751372,0.003480465,3.51E-13,0.000284715,2.50E-18,8.56E-09,4.15E-35,2.18E-13,0.000584287,1.66E-38,2.56E-47,3.07E-05,3.69E-15,3.09E-16,0.002105614,8.83E-70,0.003468745,0.002781289,3.57E-10,1.10E-06,2.49E-19,0.002781289,2.66E-59,1.67E-38,3.06E-56,0.003100501,0.002719562,1.75E-06,2.72E-18,0.006036408,6.16E-11,0.000268763,2.38E-09,0.00125809,1.51E-22,2.80E-12,2.15E-11,4.87E-34,8.51E-07,3.33E-48,0.00168431,6.20E-82
33,0.01981982,"matrix, tr, function, partit, limit ",4.92E-93,4.15E-124,2.22E-131,2.75E-30,2.33E-27,4.18E-05,6.59E-51,1.42E-62,0.000875773,1.00E-32,4.21E-53,7.20E-166,7.76E-76,0.000545222,0.000841548,1.04E-12,0.000315492,0.000578409,4.96E-27,9.16E-31,0.000322793,2.03E-14,0.000202643,0.000178598,3.01E-100,0.00019951,0.001324337,0.003910258,0.00491239,0.004575723,0.003426674,0.001756343,0.000574066,0.002258979,0.000982239,0.000404782,3.07E-13,2.98E-15,0.000585665,0.002874785,0.002484163,0.00118997,2.16E-06,0.002237811,2.44E-15,5.40E-55,0.003982866,0.001010707,0.000130857,0.0068946,0.004241515,2.45E-150,0.005683614,0.002536714,6.84E-78,0.000906115,2.03E-35,3.52E-202,2.60E-07,0.00449497,0.000508343,2.60E-67,0.009145701,1.02E-06,0.002561724,0.000638063,3.73E-07,2.63E-07,0.003376595,2.53E-05,0.003088028,0.000727373,2.68E-05,0.000684864,0.002591086,0.003910258,0.000367758,5.83E-92,0.003396999,0.000925442,4.72E-101,2.59E-33,5.57E-05,2.58E-54,0.000825707,0.000485536,2.55E-50,0.001517773,0.001049705,3.62E-118,1.33E-131,3.81E-44,0.001186852,4.35E-05,0.001295094,2.92E-07,0.000451401,0.002331866,0.002168733,0.00147875,5.26E-23,1.44E-97,0,6.54E-74,2.88E-105,1.38E-47,1.63E-189,3.56E-73,0.001831572,0.001167794,0.000321599,9.06E-70,0.000807925,0.000637905,4.00E-73,2.88E-74,0.001253885,0.000958233,0.000416339,1.06E-45,0.00539047,0.00053238,9.99E-52,3.55E-10,8.51E-05,0.000284198,7.38E-38,6.35E-70,0.002895898,0.001273486,0.002640794,1.66E-33,4.77E-06,0.000235525,3.87E-37,0.000322391,0.000377044,0.003505528,3.01E-206,1.69E-98,0.003170515,0.004536778,0,0.002136042,0.00148288,0.003138267,0.000862706,3.69E-40,0.002436079,7.60E-195,0.000139509,0.003565948,0.000625954,0.002277069,7.06E-16,1.45E-63,0.000986792,5.64E-48,1.03E-16,1.09E-65,3.52E-102,1.33E-40,8.77E-05,3.47E-34,0.00019709,0.001029612,0.000546945,0.000867899,0.000473916,0.001726152,0.000876618,0.000131858,2.92E-89,3.13E-65,6.32E-135,0.003835452,8.25E-33,0.00488502,0.002075037,0.001652378,2.98E-09,0.002270013,0.000548521,1.15E-52,2.87E-06,0.001756625,4.05E-69,6.22E-70,9.85E-12,0.001224127,2.13E-18,0.001194943,1.34E-16,0.001362411,8.84E-59,0.000431439,0.00020243,8.07E-13,0.000945514,7.66E-64,0.01198116,0.003910258,0.001545027,0.000510841,0.000476146,0.003910258,5.54E-29,9.09E-29,3.40E-44,0.004513821,0.000339255,0.001294226,0.000759507,0.005743329,0.000182643,1.92E-05,0.001477398,0.001905471,0.000650479,0.000957378,0.000152935,8.42E-61,1.14E-11,0.000575775,0.001160581,2.26E-32
34,0.02991767,"algebra, oper, current, brst, charg ",1.09E-180,2.93E-90,5.96E-124,2.66E-17,2.86E-97,1.10E-62,1.02E-05,4.40E-50,0.000338413,2.17E-08,2.95E-41,6.35E-125,0.000266298,0.00243664,1.45E-11,0.000957166,1.85E-07,2.97E-50,1.02E-13,1.11E-40,8.35E-95,0.000634096,0.002031112,0.000710835,0.000982112,2.69E-07,0.000792025,0.004248732,7.89E-05,0.009146412,0.000446419,1.12E-32,0.002711998,0.000990004,0.000259806,0.000630006,0.000378449,0.000587441,0.000767978,0.004230637,0.000600469,1.67E-11,0.00013887,0.003622578,0.0172282,0.000209613,0.001153822,0.000987282,5.10E-21,0.001487284,0.000507033,2.95E-102,4.69E-13,0.000513456,4.27E-51,0.000813263,3.09E-69,2.62E-146,0.000885591,0.003790293,0.000295052,0.000345202,3.83E-06,0.006993536,8.52E-16,2.17E-07,1.35E-33,6.71E-33,2.55E-11,0.001619522,0.001192601,9.11E-15,0.001848516,0.005196857,0.003206563,0.004248732,0.006118043,1.11E-07,0.001853995,0.008940288,5.35E-78,0.000102558,9.22E-49,5.79E-26,0.000702116,0.000767321,1.28E-42,7.31E-10,1.02E-15,4.43E-52,2.91E-13,4.25E-25,0.000283426,2.42E-57,0.000127272,0.004162138,0.000486845,7.12E-12,0.000397858,0.000496608,3.57E-25,3.19E-43,0,3.08E-10,9.11E-58,2.28E-49,2.64E-45,1.48E-102,0.001785096,0.001475819,3.23E-172,0.002103041,0.001334466,3.12E-07,0.000339662,0.000648007,7.97E-116,4.76E-19,8.60E-08,8.24E-28,4.29E-54,0.000855212,3.91E-116,1.77E-32,0.001857141,2.19E-35,1.16E-28,4.17E-63,0.002942531,0.000867272,0.001912974,4.01E-83,2.28E-65,7.64E-05,0.000175146,0.001460928,0.000324648,0.001709986,0,0.000621593,8.96E-09,0.004296194,0,0.002425832,1.30E-27,0.002656077,2.28E-06,2.86E-19,0.002253992,1.40E-279,0.000646848,0.003386049,1.62E-05,1.48E-09,0.000272739,0.001162236,3.52E-107,2.14E-55,4.82E-36,6.93E-05,2.41E-109,4.08E-74,4.00E-05,0.000244886,0.000417621,0.000622643,1.03E-05,0.001682491,0.000674503,0.000537867,0.001375902,0.000167279,1.19E-10,1.41E-108,1.12E-133,0.004153455,5.59E-08,0.000136219,0.004447458,0.002946292,2.84E-179,0.001721051,1.89E-07,0.011196043,2.12E-43,1.20E-13,0.000547665,6.82E-15,5.23E-184,0.00024159,2.02E-48,0.000744822,0.00024717,9.99E-29,4.46E-34,1.58E-06,3.76E-15,0.003238686,0.002574735,1.61E-112,0.00654659,0.004248732,0.002258004,0.000285231,0.00096398,0.004248732,1.08E-44,2.55E-05,1.73E-266,0.002523186,0.000671704,0.001429521,6.27E-06,6.92E-22,0.000532199,0.000240555,0.000683583,0.000575628,3.92E-05,2.13E-35,3.93E-54,2.37E-06,6.42E-09,3.90E-05,0.00226367,7.98E-96
35,0.03479084,"space, structur, form, lie, map ",1.35E-71,7.57E-95,3.99E-124,4.85E-151,8.93E-78,4.70E-81,1.07E-54,1.49E-76,1.76E-53,1.94E-27,1.75E-26,5.41E-38,1.77E-68,0.002276577,0.007339799,0.000472877,6.30E-96,2.80E-12,2.14E-84,0.000115665,9.78E-08,2.95E-37,0.001075237,0.001158805,9.05E-18,0.001820165,0.000185593,0.003967311,0.000234104,0.00360372,0.000433257,0.00144701,0.003069937,0.000229454,0.000709926,0.000356421,0.001038248,0.000630872,7.55E-05,0.004175715,0.000386551,0.000684443,0.000336201,0.005368371,9.28E-09,9.57E-18,0.014908734,0.00317565,0.000792854,0.003803208,0.001199045,1.01E-93,0.001511586,2.31E-36,0.000178568,0.000301576,3.10E-50,9.74E-187,0.000345431,0.004095941,1.26E-10,3.68E-30,6.74E-37,0.003835254,0.004451135,0.000365069,1.16E-10,3.57E-19,6.37E-27,0.002374895,0.000912339,6.08E-05,0.002882099,0.001289962,0.001500002,0.003967311,0.000124895,2.53E-05,0.005552849,0.004206688,9.06E-13,1.89E-26,0.000232129,0.000191561,1.13E-06,0.000700744,5.27E-31,0.000557921,3.91E-05,0.000665254,5.39E-38,3.13E-27,0.001947498,0.000290811,0.000436696,0.000335617,2.43E-07,0.002133364,0.001683004,0.000780703,3.71E-34,7.69E-122,0,2.83E-65,2.17E-78,6.52E-27,1.74E-153,0.000104413,1.87E-42,0.000737334,1.79E-72,5.38E-14,0.000638183,0.002152685,4.19E-61,2.27E-11,7.69E-05,4.32E-31,5.46E-26,4.13E-44,2.07E-11,0.000892867,1.36E-05,8.48E-07,0.000257784,0.000252975,0.001141609,3.50E-11,6.99E-15,3.48E-18,0.000487386,3.63E-59,1.04E-24,1.80E-16,0.00011058,0.000705635,0.000275846,0.003822579,0,6.33E-117,8.10E-11,0.001213521,0,0.002323917,7.78E-05,9.71E-05,0.001181437,0.000648078,0.001482359,5.56E-174,1.51E-05,0.006830019,0.000205493,5.62E-14,0.000146047,2.99E-60,6.05E-102,4.81E-45,1.14E-22,5.30E-82,4.94E-46,2.35E-49,1.05E-59,1.49E-28,0.002181986,2.77E-23,8.52E-19,0.000762062,0.000120411,0.000891005,0.001723952,0.002101474,1.53E-66,1.73E-13,6.52E-29,0.004044315,0.006479966,3.36E-35,0.006239499,0.001266055,2.03E-137,0.00215091,1.13E-30,2.41E-40,5.38E-06,0.069352474,0.000535246,0.00017335,2.08E-139,1.14E-26,1.42E-25,0.000344709,0.000357001,1.02E-22,0.00158279,2.77E-48,0.000268898,5.05E-22,0.001685067,5.15E-23,0.00027976,0.003967311,0.001176207,0.001006069,0.000182742,0.003967311,1.29E-37,0.000273861,1.54E-67,0.006476069,0.000634676,0.001230643,0.000867843,1.68E-12,4.04E-15,0.000439226,0.000549415,0.000130105,6.35E-11,0.000858574,1.37E-08,1.20E-81,4.84E-05,2.08E-127,1.41E-07,1.45E-50
36,0.0272779,"solut, metric, action, eld, supersymmetr ",4.28E-14,4.72E-05,1.38E-51,1.30E-145,9.50E-21,1.64E-27,2.26E-68,1.51E-09,0.000918159,2.10E-34,5.09E-20,1.31E-22,1.90E-48,6.96E-15,0.022256625,7.99E-05,2.23E-33,0.000709155,1.54E-44,0.000927735,1.93E-62,1.68E-46,0.001694781,0.001112553,4.73E-84,1.12E-07,0.000964885,0.0037522,7.73E-14,0.006763139,6.54E-43,1.09E-27,0.00206119,1.08E-27,3.31E-05,2.82E-05,0.003019868,0.000135911,0.00162051,0.002659318,0.004119614,7.88E-25,0.000324141,0.007108201,0.001383138,0.002534189,0.000698101,2.74E-12,0.000971964,0.00376461,0.003024075,1.80E-231,0.004833071,6.99E-38,2.12E-65,4.76E-05,2.42E-26,1.85E-25,0.000786902,0.000930365,0.00016064,8.43E-25,6.48E-34,0.022168664,6.12E-38,0.000491048,0.007293769,0.001212061,0.010053636,0.000592808,0.000511835,2.98E-58,0.002400555,0.002489127,0.001022084,0.0037522,2.73E-09,3.73E-62,0.007897663,0.000709191,0.00048718,1.43E-66,1.38E-59,0.000530197,0.000320689,0.000538441,0.000892154,0.001546813,1.57E-47,2.60E-12,1.11E-73,0.00033164,0.001038416,0.000514523,0.000140777,2.47E-22,1.63E-36,2.80E-09,1.62E-06,0.000870869,7.70E-37,5.39E-37,0,8.87E-05,3.79E-92,5.39E-62,3.97E-166,4.73E-41,5.77E-39,0.002671642,0.00018013,0.000397537,0.000816485,1.17E-30,4.43E-24,7.54E-120,0.000354704,4.93E-39,3.43E-30,8.24E-99,0.000230614,3.32E-05,5.99E-09,4.70E-49,1.65E-05,0.000274969,0.001662844,1.63E-78,0.001708873,1.18E-15,0.000288038,1.24E-98,0.000326878,4.25E-16,2.10E-17,0.001690716,3.03E-10,0.004981124,0,0.001443373,0.00028164,0.009500262,0,0.001335683,5.31E-73,0.002725373,0.000944979,0.000392927,0.002302942,1.01E-194,0.000798275,0.0031283,0.000569743,0.000371751,0.000308992,5.04E-38,2.68E-37,6.21E-74,3.50E-18,2.03E-117,7.27E-44,4.19E-22,8.86E-05,2.57E-05,0.001674591,0.002032408,0.000884198,0.001024673,0.000204507,0.002252354,0.003429109,0.000879757,1.70E-49,2.38E-06,1.90E-34,0.003928637,7.57E-43,0.000383419,0.001082577,0.002315172,3.57E-17,0.002275545,0.000777085,2.66E-19,0.027576097,0.008908103,3.15E-105,2.89E-51,2.07E-34,1.53E-07,1.14E-86,0.000773642,0.000162894,9.75E-21,0.001056666,0.000306028,1.10E-10,0.000983729,0.000167083,8.18E-147,0.00451074,0.0037522,0.001682533,0.000782552,0.000112521,0.0037522,5.91E-80,0.000167348,7.34E-182,0.001011322,0.003264076,0.000556861,0.004748266,0.00053654,0.000159347,0.002001559,0.001076128,0.001430157,1.53E-30,1.83E-82,1.60E-164,8.81E-95,5.46E-12,0.000185138,0.00334542,1.33E-147
37,0.03821682,"particl, magnet, charg, eld, wave ",0.000145448,6.57E-22,9.23E-05,1.07E-113,7.03E-121,4.11E-40,1.67E-18,4.85E-68,9.96E-05,1.55E-07,1.70E-29,1.02E-86,3.47E-37,0.000231065,8.21E-34,1.89E-05,2.50E-06,2.61E-07,6.37E-17,4.44E-12,0.001331908,3.61E-30,0.001074888,0.000545514,5.54E-122,0.000183014,0.00162038,0.004829022,0.000327271,0.006015033,2.90E-35,1.45E-25,4.18E-15,2.87E-05,0.000283334,0.001398362,0.001594408,3.86E-05,0.00077699,0.004215647,0.003101414,0.000520837,1.55E-52,0.003248237,0.002918971,5.83E-35,9.46E-05,0.000965526,0.00181427,0.001081284,0.000765515,1.59E-156,0.000100796,0.000294783,6.44E-40,0.000108948,7.59E-26,4.09E-122,0.002065509,0.011089637,3.41E-19,3.71E-17,0.000730374,0.017592814,0.001226258,0.001335549,0.000544929,0.000122532,0.002360283,0.000710088,0.001225323,0.000100303,8.41E-06,0.000362214,0.001739861,0.004829022,0.002485162,1.39E-37,7.62E-09,0.000225718,2.77E-87,4.88E-147,1.34E-98,0.000988385,0.000804461,0.000354265,9.21E-53,0.000951623,2.55E-35,2.07E-88,8.71E-171,1.21E-05,5.50E-06,4.20E-05,2.14E-17,0.001874693,0.002845079,0.000340876,0.001267786,9.57E-05,7.55E-35,1.80E-75,0,8.46E-43,2.81E-91,4.94E-186,1.25E-77,1.29E-10,0.000485822,0.000541985,0.000118598,1.08E-22,0.001393562,0.000168744,8.90E-75,8.16E-26,8.91E-48,7.53E-05,0.000150631,2.08E-101,1.94E-06,0.002147583,4.38E-73,6.67E-15,0.003064743,0.000764953,0.002475179,1.06E-91,0.000559399,9.25E-05,0.000434407,2.29E-22,0.000750549,1.11E-32,7.39E-33,0.000330217,0.000802191,0.00325318,0,6.19E-108,4.39E-10,0.002554642,0,0.001717945,5.92E-08,0.000972198,0.000804032,2.08E-12,0.00096205,2.08E-133,0.003988239,0.005414052,0.00069486,0.000727167,0.000134154,4.55E-53,5.22E-93,2.30E-89,5.75E-22,3.00E-19,7.06E-49,0.0003311,0.000866618,0.00029494,0.000946727,0.001542442,0.000567618,0.001349621,0.000657086,0.001803058,0.000774632,0.000716394,3.92E-05,7.75E-51,3.81E-111,0.004671685,4.65E-05,6.40E-29,0.002273223,0.001921773,0.000150434,0.001829106,0.000560803,4.18E-48,0.00087787,0.001402003,7.09E-05,0.000454167,0.000594298,2.41E-07,5.55E-120,6.08E-05,2.85E-16,6.46E-46,1.92E-95,0.00038873,0.000444,5.86E-25,0.001068859,0.000124565,0.004184945,0.004829022,0.002470844,0.002321298,0.000237275,0.004829022,1.37E-25,7.48E-05,9.03E-115,0.001174659,0.000150525,0.006016876,0.001269214,0.000531037,0.000473091,0.001457126,0.001014387,7.43E-10,0.000458647,9.84E-30,1.93E-145,1.04E-140,0.001136441,2.02E-26,0.000976098,0.000664432
38,0.02698057,"topolog, manifold, space, moduli, theori ",2.79E-96,2.16E-143,2.37E-142,7.63E-188,5.22E-52,2.31E-36,2.96E-57,2.26E-72,0.000375358,5.55E-39,1.34E-56,1.04E-106,2.47E-05,0.001337257,1.60E-35,0.000236952,0.00010143,3.90E-13,1.71E-67,0.000161888,0.00040388,1.70E-49,0.001340998,0.000394895,5.40E-117,0.001537315,0.001171124,0.004180748,0.002581006,0.003209638,2.16E-05,3.59E-06,0.006503559,0.000300242,0.000448278,0.000334948,4.80E-09,5.02E-47,8.95E-05,0.004200288,6.51E-17,0.000395176,0.000800414,0.006892469,3.57E-28,3.70E-62,0.00359022,2.06E-09,7.70E-18,0.000497289,0.000338998,9.96E-138,0.002797982,1.31E-08,1.31E-55,1.79E-09,7.81E-147,8.33E-135,0.001626834,0.003002005,0.000495421,6.97E-34,2.33E-34,0.006135599,4.34E-23,0.000704841,1.05E-10,8.40E-25,0.00062767,0.003036281,0.001373232,5.10E-47,4.05E-15,2.03E-06,0.001807914,0.004180748,2.12E-21,5.37E-49,0.005450372,0.002942176,3.98E-82,5.32E-144,5.80E-153,5.11E-13,0.001543329,0.001297897,1.05E-38,0.002223413,1.28E-43,1.69E-07,7.75E-39,5.60E-13,0.000463211,1.44E-05,1.18E-25,0.000441583,0.000760637,0.003329191,0.000992166,0.000781461,2.25E-42,5.80E-16,0,8.32E-92,2.28E-153,9.62E-48,3.53E-70,4.11E-36,0.00029026,0.001228635,2.49E-72,4.03E-50,0.002104298,2.21E-15,1.29E-58,0.000178391,0.000248892,1.47E-66,8.79E-80,3.00E-53,3.34E-31,0.001098611,3.34E-86,1.70E-28,2.06E-26,0.000157067,2.98E-47,1.27E-77,0.002069801,0.000269382,5.83E-12,1.77E-90,0.000269517,1.50E-11,2.98E-07,0.000110168,3.28E-10,0.001721349,4.05133829589822e-322,4.00E-70,2.42E-29,0.001527899,0,0.001491519,0.000747705,0.001893569,0.001488936,0.000224252,0.002698385,1.90E-250,2.66E-21,0.007775433,4.19E-11,5.71E-14,0.000291709,4.80E-73,1.54E-143,6.01E-19,1.99E-28,2.54E-131,2.25E-46,9.99E-66,7.86E-61,6.29E-16,0.000564366,0.000642912,1.61E-11,0.004770065,0.001441814,0.002879151,0.000870366,0.000404301,1.47E-51,1.13E-53,3.40E-147,0.004020493,5.88E-18,0.000131266,0.006180851,0.000562094,1.24E-62,0.001856904,0.005911872,6.50E-21,4.87E-32,0.022301366,1.29E-13,0.00042312,9.50E-08,0.000193721,0.000306913,2.12E-19,4.18E-48,3.49E-20,1.57E-38,2.07E-61,2.58E-27,0.003605719,0.001226056,7.07E-137,0.002375296,0.004180748,0.000479017,0.002731113,0.0010435,0.004180748,1.71E-107,0.000460961,4.57E-143,0.001985419,1.26E-06,0.000180298,0.001839867,1.16E-27,0.000237776,0.002221427,0.000154691,3.74E-22,0.001336913,3.39E-87,9.61E-78,5.13E-43,0.000559736,7.90E-18,0.003081999,9.72E-67
39,0.03372452,"eectiv, action, eld, term, graviti ",2.79E-54,1.21E-38,7.73E-124,5.51E-40,3.95E-53,9.08E-75,0.000217786,0.000150071,3.83E-15,5.94E-16,5.30E-24,2.95E-67,2.02E-21,5.54E-10,0.04121364,0.002346684,1.55E-30,0.000498607,8.77E-38,2.70E-34,1.92E-29,8.36E-56,0.001618295,4.30E-30,3.76E-21,0.002036901,0.000526148,0.004752869,0.008019957,0.005985465,1.45E-35,0.000112416,7.90E-10,0.003065572,0.001010345,0.000437403,4.32E-05,2.98E-42,0.000530533,0.003676993,0.003076894,2.75E-41,0.000442266,0.004674725,0.002046985,0.000400423,0.000629708,0.00041784,0.001470628,0.003685843,4.77E-06,5.70E-194,0.001566735,3.53E-21,8.68E-89,0.000263587,6.04E-107,2.70E-134,0.004604812,0.005293608,0.000831215,1.40E-56,4.27E-36,0.033609546,3.20E-06,4.65E-07,0.000141154,0.000333644,4.03E-07,0.000227015,0.00310571,0.000857975,3.30E-23,8.51E-05,0.00323208,0.004752869,0.000167569,3.44E-54,0.004158343,0.001249138,1.12E-69,2.41E-72,1.27E-146,0.000174366,0.001098603,0.00041722,3.47E-47,0.000557185,3.05E-21,3.46E-96,4.46E-143,7.08E-05,0.000221257,4.10E-62,0.000590794,6.03E-07,3.69E-15,2.58E-15,0.003691503,0.001732751,1.88E-37,4.42E-106,0,4.98E-05,1.40E-103,3.87E-119,1.80E-212,0.001245209,0.000180576,0.00059998,7.88E-120,0.000145372,0.001551973,0.000336988,2.91E-40,2.05E-23,2.04E-32,5.57E-08,0.001965303,1.32E-30,3.56E-22,0.000522795,4.20E-36,3.40E-38,4.05E-15,0.000236649,1.66E-21,2.33E-92,0.001839797,0.001033269,0.004702674,6.49E-35,5.01E-48,2.15E-05,2.82E-05,0.000876912,0.00102378,0.003132468,0,4.40E-71,0.000563707,0.004216641,0,0.001695474,2.97E-07,0.013876902,0.001765536,3.43E-16,0.001806174,4.51E-214,0.001551135,0.004792143,0.000580347,0.003548566,4.99E-13,5.47E-39,1.58E-66,2.29E-63,6.93E-17,7.33E-30,6.19E-101,2.65E-28,1.18E-09,0.000565925,0.000192012,0.001108084,0.000191814,0.000655135,9.15E-14,0.000423946,0.00048687,4.51E-11,1.14E-33,1.16E-70,3.15E-108,0.004889744,0.000599982,6.61E-09,0.003145427,0.001681735,2.43E-93,0.002198157,6.43E-44,4.16E-82,1.24E-10,0.000834375,2.86E-88,6.67E-05,2.76E-05,4.45E-39,1.40E-57,0.001260017,0.000727618,1.03E-39,1.68E-50,0.000295046,2.70E-17,2.71E-19,0.000779058,8.40E-43,0.032296255,0.004752869,0.001641216,0.001198143,6.69E-11,0.004752869,3.09E-43,0.000534788,1.17E-125,0.003548335,0.002099884,0.000279875,0.000759111,2.64E-16,7.58E-08,0.000583617,0.001213654,0.000325533,2.96E-23,1.27E-87,2.01E-122,1.67E-31,0.001222955,1.30E-31,0.002397664,8.32E-124
40,0.01066776,"ln, sin, cos, s, 2n ",8.52E-60,6.74E-61,2.34E-56,1.19E-55,0.000361664,1.67E-13,2.20E-65,1.10E-42,1.16E-06,2.22E-15,0.003658923,7.80E-53,1.95E-32,0.000351941,0.001139934,0.001248501,3.80E-32,1.53E-27,1.18E-68,6.18E-54,0.00445457,0.000540299,0.000578325,4.15E-17,1.57E-74,0.001139827,9.05E-05,0.004475101,1.26E-05,0.003387539,2.55E-46,3.84E-13,3.36E-07,4.65E-17,2.31E-16,0.000713548,5.14E-05,0.000244052,1.48E-07,0.012103053,2.57E-10,0.003298063,8.02E-44,0.000780838,1.10E-54,0.002344278,0.002528469,2.32E-18,0.001452876,2.76E-11,3.74E-16,2.19E-61,0.001616065,6.27E-18,2.85E-82,4.60E-12,1.75E-12,1.03E-28,0.001927822,0.006160405,1.21E-05,0.001168066,0.001287063,0.002483141,0.0010424,4.05E-21,2.12E-10,7.20E-48,0.000725467,0.001925884,1.65E-20,0.000400135,0.001453643,2.73E-42,1.04E-17,0.004475101,1.08E-06,3.04E-100,2.53E-20,0.000999637,4.97E-95,3.03E-146,5.74E-90,1.34E-13,1.12E-16,0.000373171,2.29E-18,0.005439205,1.52E-12,8.32E-66,6.88E-90,0.001774511,0.000715191,3.90E-21,1.21E-17,0.004622978,0.00135188,1.02E-32,1.14E-06,1.48E-20,1.58E-25,1.10E-97,0,8.52E-76,6.59E-32,5.25E-64,5.00E-110,3.69E-62,4.94E-33,0.000882743,3.60E-103,5.92E-09,2.07E-15,5.11E-33,2.46E-92,3.17E-62,1.82E-14,0.000704869,0.001719101,0.000864091,4.03E-06,0.000321094,0.001359137,6.81E-14,0.001231466,2.88E-20,3.41E-21,6.63E-23,0.004578371,0.001109696,0.00350945,8.26E-35,8.42E-16,0.001184074,0.001749038,0.001083066,0.002871688,0.001841579,0,1.72E-39,0.007059826,0.004846892,0,6.33E-32,1.97E-45,0.00395629,0.006592778,7.08E-12,0.000564806,2.56E-199,0.002800114,0.004598291,0.000120271,1.27E-12,0.000192071,9.63E-06,1.91E-56,6.43E-67,2.49E-17,4.37E-62,4.54E-28,4.22E-24,0.000867553,0.000662806,0.002027018,0.001876506,1.79E-26,0.001534699,0.000739311,0.001977397,1.48E-09,2.59E-07,4.63E-26,6.33E-37,6.15E-46,0.004352234,0.000338048,6.86E-18,3.66E-06,0.000903759,0.001965186,0.000974755,2.62E-36,1.08E-77,1.46E-10,0.001077893,0.00020183,3.56E-61,9.79E-18,0.001025686,8.33E-51,0.001429872,8.73E-11,6.73E-23,5.04E-37,0.001699234,4.26E-18,4.29E-35,0.003489104,2.26E-46,0.004281054,0.004475101,0.002569503,0.003078098,5.34E-55,0.004475101,2.78E-41,3.57E-36,5.13E-136,0.002199496,0.001888089,0.001895414,8.65E-13,0.001545696,6.16E-30,0.000334069,7.16E-06,0.001106969,7.01E-18,5.73E-54,1.37E-63,8.74E-63,0.001901426,7.61E-62,6.72E-09,1.87E-94
