TOPIC,TOPIC PROPORTION,TOP WORDS,4.0intern,abl,account,addit,advantag,aim,al,algorithm,align,allow,amount,anatomi,andreproduct,annot,appli,appropri,author,automat,avail,averag,axiom,becom,belong,binari,biolog,biomed,built,call,captur,case,challeng,class,classifi,combin,common,complex,comput,concept,consid,consist,construct,contain,context,contrast,correspond,creat,creativ,credit,ct,current,d,data,dedic,defin,definit,deriv,descript,determin,develop,direct,diseas,distinct,distribut,doi,domain,due,effici,employ,end,entiti,equival,et,evalu,evid,exam-pl,exampl,exist,explor,express,extend,f,filter,final,fit,form,foundat,function,g,general,generat,graph,http://creativecommons.org/licenses/by/4.0/,http://creativecommons.org/publicdomain/zero/1.0/,human,identifi,implement,import,individu,inform,initi,instanc,integr,interoper,investig,involv,j,journal,knowledg,label,last,led,lexic,licens,life,limit,link,list,logic,made,main,make,manual,map,match,mean,medium,metric,multipl,name,novel,number,o,object,obo,obtain,ofth,ontol-ogi,ontolo-gi,ontolog,open,order,origin,page,pair,partial,pattern,per-form,perform,permit,phenotyp,platform,precis,previous,primari,process,produc,proper,properti,provid,qualiti,r,rang,recal,reduc,refer,reflect,relat,remov,repres,respect,result,s,scienc,search,section,see,seek,select,semant,set,shown,similar,singl,snome,sourc,space,specif,start,step,still,strategi,subject,success,system,tabl,take,target,techniqu,test,thecreat,track,type,typic,understand,unless,unrestrict,valu,variat,waiver,without,word,work,x,y
1,0.02562161,"knowledg, biomed, import, repres, graph, j, comput, contain, object, subject",2.23E-07,1.00E-09,4.63E-05,6.71E-07,2.05E-10,3.83E-06,3.18E-06,5.49E-18,1.95E-08,2.68E-07,4.54E-09,3.34E-20,2.23E-07,1.34E-05,1.66E-06,7.69E-07,3.25E-06,1.81E-17,3.12E-06,1.28E-11,3.73E-07,4.32E-06,1.26E-09,5.86E-15,4.28E-07,0.177561914,3.18E-13,1.64E-07,9.40E-16,5.90E-06,1.80E-12,2.68E-06,2.05E-08,1.48E-17,2.72E-06,1.28E-06,0.058955362,3.15E-07,3.98E-06,1.06E-07,5.86E-07,0.048748085,5.95E-09,0.002616987,6.36E-06,1.43E-06,4.99E-07,2.23E-07,5.45E-15,4.47E-10,1.03E-08,4.22E-10,2.65E-07,2.17E-06,1.55E-06,1.58E-10,1.57E-08,7.94E-14,8.15E-06,3.42E-06,0.00158433,8.84E-15,9.53E-06,6.58E-08,2.72E-05,2.48E-05,1.18E-09,2.08E-05,9.29E-08,3.51E-06,3.54E-08,2.35E-06,5.97E-06,5.37E-07,4.69E-18,5.32E-07,7.38E-07,7.07E-12,5.81E-11,3.75E-10,9.05E-05,2.97E-16,1.66E-07,1.01E-23,1.51E-08,5.62E-09,9.43E-08,2.63E-06,6.35E-06,6.18E-11,0.083267866,2.23E-07,2.23E-07,1.02E-11,3.86E-06,1.33E-05,0.122584355,2.27E-07,5.84E-07,1.87E-07,6.08E-11,1.21E-08,2.02E-21,1.02E-07,1.20E-08,0.066470783,1.00E-05,0.23792937,1.32E-09,1.87E-07,5.15E-08,2.16E-19,8.66E-08,3.59E-08,5.68E-12,3.44E-06,1.58E-05,2.11E-07,1.54E-07,9.72E-07,3.78E-09,8.57E-10,1.28E-14,5.21E-08,1.40E-05,6.24E-06,5.27E-08,6.30E-09,1.82E-05,8.07E-08,5.64E-06,3.73E-07,0.043009103,8.57E-14,2.82E-07,6.05E-06,6.13E-08,1.48E-17,4.10E-05,0.030598813,3.85E-07,2.59E-06,5.37E-06,8.75E-13,8.54E-10,1.19E-06,4.65E-17,6.98E-07,7.45E-07,7.14E-17,0,3.67E-13,6.54E-06,5.88E-12,3.09E-05,1.88E-07,8.11E-22,6.13E-08,3.36E-06,5.60E-08,1.29E-07,3.64E-08,1.28E-13,2.59E-16,1.13E-12,9.54E-08,7.86E-06,8.14E-13,0.087463492,9.93E-09,3.81E-11,2.33E-05,5.73E-07,7.44E-08,2.52E-09,3.39E-05,1.02E-10,1.33E-14,1.64E-05,2.40E-06,1.35E-12,2.87E-06,4.90E-07,7.26E-19,9.09E-06,4.34E-17,5.35E-06,5.75E-09,1.08E-05,1.57E-17,4.10E-06,0.036025511,5.17E-21,1.17E-05,1.51E-07,5.53E-06,1.44E-11,6.81E-11,2.79E-06,4.73E-07,1.70E-06,1.56E-05,1.58E-08,1.52E-07,1.74E-07,2.23E-07,4.91E-06,2.38E-07,2.23E-07,1.72E-13,3.11E-11,9.34E-10,1.80E-12,1.47E-12
2,0.08820754,"ontolog, match, map, class, word, biomed, align, algorithm, label, sourc",0.001076223,0.005947028,0.001977548,0.004475419,0.001645606,0.001674485,0.001581971,0.015865259,0.019064534,0.004267151,0.00165161,0.002313982,0.001076223,0.002451545,0.00529803,0.001014852,0.003791373,0.001648652,0.001904498,0.001673652,0.001794593,0.003130958,0.001667567,0.004876022,0.002499675,0.019518685,0.001210013,0.001028799,0.002035959,0.002905676,0.007578837,0.029269171,0.001039076,0.003736111,0.005135784,0.010678655,0.00251727,0.003384563,0.001665644,0.001817391,0.001666343,7.47E-10,0.00123563,8.83E-20,0.004681501,0.004442277,0.002110306,0.001076223,0.001042411,0.001876104,0.00249565,0.009245982,0.001071885,0.005113925,0.006339918,0.001478474,0.001239755,0.00200725,0.002498078,0.001647676,4.96E-16,0.004156878,0.003353699,0.00162662,0.00912374,0.001623126,0.00249822,0.00329502,0.002006039,0.004687446,0.003905539,0.001588446,0.007601749,0.001067145,0.001076206,0.004628809,0.002517828,0.001672898,0.003510621,0.003856107,0.001626347,0.003271106,0.002533477,0.002477712,0.004467637,0.001213439,0.001091561,0.002483787,0.002606529,0.00162831,3.09E-12,0.001076223,0.001076223,0.001091612,0.002832539,0.003389965,1.38E-11,0.001906807,0.003669809,0.002169163,0.005892017,0.002562413,0.003231826,0.001654388,0.005423608,0,0.006272946,0.001657575,0.015476841,0.001645591,0.002434907,0.006467699,0.002090023,0.004139445,0.001022135,0.004479101,0.003445609,0.00659257,0.003157943,0.002541761,0.001223067,0.003272075,0.041847871,0.047991682,0.002291394,0.001014029,0.001618291,0.001926352,0.002403942,0.003430317,0.001981585,0.001608523,2.40E-14,0.002467187,0.002910061,0.001878472,0.001918003,0.004889706,0.069717463,0.002982358,0.003492701,0.001873469,0.004488679,0.003907372,0.005212414,0.00998101,0.002032277,0.003499451,0.001053331,0.003263043,0.007263412,0.005910495,0.001702513,0.001445822,0.007818313,0.003006568,0.001295669,0.002669309,0.001978778,0.001639851,0.005733435,0.001631527,0.005120427,0.003367551,0.006258518,0.001628248,0.007867018,0.002468777,0.001072907,0.001641017,0.002282454,0.005004172,0.005415081,0.008436645,0.001701637,0.003275844,0.001195012,0.004939878,0.010399616,0.005506583,0.001276572,0.010357451,0.002900494,0.001021957,0.011429056,0.007063416,0.004306476,0.001655601,0.00539005,0.001130226,0.007864363,1.83E-14,0.002532232,0.009149642,0.002454624,0.002776041,0.011269682,0.002869562,0.002491163,0.001078447,0.00162611,0.002571318,0.001333496,0.001667942,0.001057337,0.001076223,0.003573041,0.002563843,0.001076223,0.001130914,0.027126147,0.006850495,0.005898285,0.003307109
3,0.04381814,"term, protein, experi, gene, target, et, al, ii, name, word",0.000169756,2.92E-30,0.00190158,0.000976024,0.000236412,0.000197118,0.023100333,0.001261988,2.05E-06,2.32E-29,2.05E-30,0.000248409,0.000169756,0.007486389,0.004952293,8.60E-05,0.001832726,0.00048063,0.001957307,0.000196032,0.001490343,3.83E-18,0.000248328,0.001053348,0.003086249,0.007660421,1.78E-16,0.000209721,0.000421947,6.85E-05,0.002650921,0.012341511,0.002153141,0.003447998,0.001687658,1.69E-24,0.001106372,2.03E-10,0.003579722,0.000629233,1.52E-30,0.003715486,0.004669766,4.61E-07,0.003763972,0.0060131,0.000576075,0.000169756,2.69E-22,0.000746134,0.002299542,0.00429682,0.000166521,0.000245429,4.78E-20,0.000753343,0.000233331,0.000317229,5.87E-11,0.000155151,2.23E-07,1.33E-30,0.000666635,1.46E-29,0.001383452,3.58E-05,0.000178269,0.001806841,0.000948249,0.003118912,0.000209358,0.023114823,0.003013807,3.41E-17,1.16E-17,0.003599468,0.000128115,0.00044498,0.002423724,7.04E-05,0.000158689,2.83E-33,0.000663219,1.19E-35,0.001115819,0.000535829,0.000485297,1.36E-33,4.73E-05,0.00081566,2.96E-19,0.000169756,0.000169756,0.004698821,0.002719556,0.000978534,0.000381741,2.41E-19,0.000362547,3.36E-17,0.000173324,0.000461717,1.27E-38,0.001297739,0.001558021,0,0.00509117,0.003900982,0.00235329,0.001506293,9.61E-33,0.000460479,0.000246453,0.000223398,0.001196242,0.000547677,0.010658226,8.85E-07,0.000742902,0.000393736,0.001287376,0.003305014,0.004119369,4.99E-19,0.003096462,3.93E-05,0.003716528,0.000192078,0.020799678,1.62E-12,0.01628109,4.07E-30,2.75E-07,0.000218183,0.008608661,0.001522187,4.94E-20,1.28E-20,0.001527845,0.000805975,0.000478347,0.000470035,0.004953057,0.005369564,0.001247534,2.69E-07,0.000503666,0.009892412,0.000133737,0.000971563,0,0.00067809,0.00032337,4.06E-16,0.001280015,0.000497966,6.92E-16,0.001386218,0.004075216,0.000836586,0.002574811,8.06E-30,0.002057514,0.001254034,0.00594506,6.19E-30,0.001621322,0.000102812,0.002508985,0.000448858,0.0002307,0.005501479,0.000571407,0.000533353,5.23E-06,0.002017847,0.000245112,0.000570326,0.008784249,9.93E-05,0.000352586,0.007390258,1.16E-06,5.85E-24,0.000400951,0.001055928,8.25E-05,0.00103679,0.000412711,2.49E-17,9.69E-24,0.000165626,7.00E-32,0.005279792,0.006890828,0.004546449,0.023378363,0.000824476,0.000592345,2.47E-17,3.63E-32,0.000912866,0.003742852,1.37E-27,0.000171824,0.000169756,0.009797621,0.000224824,0.000169756,0.001557282,0.018058285,0.001061953,0.000468168,0.001004763
4,0.0508978,"ontolog, inform, entiti, evalu, metric, textual, qualiti, author, categori, aspect",0.002036528,7.83E-09,3.03E-11,4.37E-08,2.08E-10,6.63E-06,0.005361566,3.55E-09,1.98E-11,1.66E-14,6.68E-15,9.29E-13,0.002036528,4.48E-06,0.004054599,0.002910364,0.015270858,9.07E-12,0.004167896,5.52E-05,0.000911654,0.00501196,3.03E-06,4.67E-11,3.57E-07,0.004269479,9.94E-05,1.68E-07,0.004494265,0.005150971,3.19E-07,8.22E-06,4.10E-12,4.21E-11,0.009269235,0.001900307,0.011066785,0.003705422,0.008928462,0.001846936,5.07E-15,0.001493201,2.58E-11,0.000266187,0.003842497,4.78E-06,0.005634838,0.002036528,4.27E-18,0.000290543,4.57E-05,0.008234579,0.002035831,6.90E-06,1.98E-07,5.80E-05,0.000181776,0.001014542,0.009565441,1.53E-08,0.005076572,4.14E-20,0.003730648,3.86E-08,0.002148967,0.001300471,2.26E-11,4.32E-05,0.004032372,0.031896018,3.16E-11,0.005223293,0.022510431,4.51E-05,1.50E-07,3.62E-05,4.24E-06,4.60E-13,2.41E-10,3.96E-06,0.00019906,0.000688197,0.002420996,5.40E-06,0.002336359,2.21E-11,3.40E-12,0.000177208,6.57E-09,9.15E-05,0.002100489,0.002036528,0.002036528,4.94E-08,0.000301705,5.63E-10,0.005090839,1.44E-05,0.050541673,1.68E-15,1.00E-10,4.51E-07,3.94E-20,1.02E-12,2.26E-07,0,0.00327066,0.008659107,6.75E-05,0.00169076,1.90E-05,0.001860424,0.006579478,2.61E-05,0.004680178,0.001337844,0.005114667,2.75E-06,0.006611545,0.002159832,0.001804617,2.17E-11,0.000284079,1.52E-13,0.005476745,0.003352474,0.019350496,1.54E-06,1.69E-06,3.14E-05,0.001978433,0.000477875,3.04E-05,1.44E-05,0.002512564,1.69E-05,0.004161773,3.91E-16,0.147588007,0.003625249,9.22E-08,0.003710793,1.45E-05,0.001253653,1.12E-10,0.000206259,0.000982836,0.005052412,0.002705361,0.001758697,0,1.37E-10,0.001578119,1.22E-06,2.53E-06,0.000495303,8.16E-16,0.001764565,0.004915455,0.0154951,0.000484332,8.60E-05,1.25E-11,2.93E-11,0.002971788,6.50E-06,0.007072775,0.001291973,6.06E-05,1.28E-07,7.93E-05,0.004551843,0.002484406,1.17E-07,2.09E-06,0.000752679,0.000457643,0.002963917,0.005033342,3.51E-06,2.08E-06,2.62E-06,8.10E-05,5.81E-18,0.00924499,1.11E-11,3.39E-10,6.84E-05,7.85E-05,0.001782412,0.000172675,1.13E-06,2.59E-18,0.001804121,0.000493845,3.66E-07,0.000792611,1.47E-11,0.004144968,2.27E-08,0.000373009,1.37E-05,3.02E-11,4.34E-07,0.001845271,0.002036528,0.000408384,1.31E-10,0.002036528,0.002155619,2.84E-10,0.003733319,6.52E-10,9.40E-12
5,0.0694401,"queri, clinic, section, languag, search, process, question, data, text, generat",0.001548439,0.000101959,0.000794231,0.002766352,0.001644016,0.002396847,0.00908892,1.37E-14,1.43E-14,0.002160441,0.007248428,4.82E-18,0.001548439,0.001834462,0.011227242,0.003187313,0.004121382,0.004008619,0.003588961,0.005583435,6.03E-19,4.05E-15,0.002056981,8.15E-06,3.01E-13,0.010924655,3.37E-22,1.83E-15,2.12E-16,0.004633379,0.001676561,0.0004838,0.000810644,0.003005286,0.004323043,0.000106854,0.002956389,4.96E-07,1.31E-06,0.000989905,0.000121472,0.006938641,0.001625884,5.02E-13,0.002312293,3.05E-08,0.003102226,0.001548439,4.27E-17,0.000786613,5.74E-16,0.016841141,0.001544711,0.007936371,0.002050085,1.63E-19,6.73E-07,3.89E-13,0.003518174,0.002065754,0.003124614,1.09E-15,0.002995613,9.25E-25,0.002139737,9.70E-13,1.35E-12,8.17E-19,0.001532624,1.82E-06,3.50E-18,0.008075074,0.004032432,1.44E-09,2.19E-19,1.26E-08,2.26E-16,0.000708116,0.008364489,0.003546021,1.35E-12,7.65E-14,0.001647692,2.43E-24,0.001150774,0.000810281,5.20E-05,0.000132365,0.001596202,0.01464346,5.89E-09,0.001548439,0.001548439,5.40E-13,0.00159352,0.003013495,0.000962506,2.55E-06,0.006916638,0.000269277,0.002639588,1.08E-05,7.45E-23,0.000788986,9.39E-15,0,0.007421879,0.001194222,1.22E-05,5.01E-16,1.26E-15,1.53E-21,0.003001732,4.31E-14,0.001333169,0.002598472,0.005341309,2.99E-17,0.003642527,1.43E-05,0.003070884,0.006014614,1.13E-13,0.00096281,1.77E-06,0.001502725,9.95E-19,0.004474756,2.26E-10,1.95E-17,0.003025131,3.89E-23,2.27E-10,5.69E-19,3.55E-17,1.04E-05,8.26E-10,2.37E-23,2.02E-06,0.004582206,0.002636009,0.001395266,0.005668695,2.68E-21,2.06E-05,5.35E-05,6.02E-17,4.62E-06,0.001525908,0.000784295,0,0.006220201,0.000829298,0.000478477,0.019597074,0.000253714,1.70E-16,2.83E-07,0.003425017,9.98E-15,1.08E-19,1.89E-14,0.000164479,0.001588791,2.16E-07,4.99E-14,0.002413599,4.64E-14,0.003853761,1.95E-13,0.000151054,0.003109395,0.001276585,0.023983104,0.026729514,0.000815305,0.000811923,0.002450463,0.008909809,3.49E-06,0.001461116,0.000231688,2.90E-15,5.79E-09,0.001174246,1.78E-18,0.00389035,0.001485741,0.001125032,2.79E-14,8.34E-27,1.47E-13,0.001564546,0.005906397,0.008741376,0.000816825,1.38E-14,5.41E-14,0.000842542,0.001510036,7.71E-25,4.27E-08,2.20E-17,0.004811666,0.00151866,0.001548439,0.000909355,0.00196999,0.001548439,0.004516735,0.00197409,0.006103238,0.002901903,0.002137222
6,0.04275147,"annot, concept, agreement, mention, normal, semant, text, set, clinic, identifi",0.000668022,0.000661488,0.000636103,0.005741501,3.12E-15,1.11E-11,0.005452735,8.96E-15,4.53E-10,0.007202783,4.12E-23,1.38E-18,0.000668022,0.060261223,0.001959884,0.00133737,0.003963057,1.34E-15,0.008370067,2.91E-15,2.81E-16,6.68E-17,3.66E-12,4.50E-18,4.94E-09,0.004712821,7.81E-26,0.000654183,0.003294412,0.003285466,1.31E-11,0.001796347,0.000621001,5.26E-12,0.003293234,0.000581751,0.00233086,0.053776576,0.000655137,0.003283711,0.001173484,2.75E-10,8.99E-17,0.001962775,0.00129801,0.002035716,0.001332694,0.000668022,0.012750311,0.00065673,0.00067337,0.013350716,0.000668231,0.002794325,0.00062917,2.56E-14,0.000646919,0.001992435,0.007060275,0.001398082,0.01149698,0.002793919,0.004694739,0.00062775,0.001997097,0.003779937,5.40E-16,0.000674874,0.000666586,0.003856795,0.001474037,0.005437595,0.002544556,0.000571416,0.001312929,0.007509936,0.002062904,1.25E-15,0.001389987,0.00196506,1.12E-15,1.64E-26,0.000703125,0.000643324,0.002780468,3.83E-17,0.000685959,3.24E-25,0.003397435,0.001970005,2.27E-12,0.000668022,0.000668022,0.000640937,0.014331992,0.000751566,0.000338013,5.27E-20,0.003336704,2.69E-15,5.01E-12,4.92E-13,2.94E-36,3.62E-12,3.58E-16,0,0.00538268,0.000502098,9.55E-11,0.000673429,3.27E-26,1.76E-17,0.001989099,1.19E-12,0.001273925,0.002833605,0.000620738,0.005452854,0.004061279,1.45E-13,0.002103684,0.000628341,0.003752882,0.002334703,0.003949893,0.000659432,0.001910989,0.006899487,0.005621638,0.000603504,0.001911735,0.000604863,1.48E-16,5.01E-12,0.000632724,0.001336133,4.42E-15,2.61E-16,0.006424514,0.001912314,0.00068101,0.005319889,0.004703895,8.99E-19,7.55E-12,0.000656635,1.96E-18,0.001215025,0.00066252,7.70E-18,0,0.001269616,0.00271998,1.65E-22,0.00272658,7.68E-16,1.20E-11,3.07E-10,0.004701981,6.76E-13,2.59E-17,0.003208672,0.000623887,0.001282914,0.001348721,4.02E-13,0.004006606,2.10E-16,0.002294737,5.83E-18,0.000642073,0.006140036,0.002030936,2.00E-12,0.001397356,0.000647006,3.40E-16,0.001317786,0.020269636,0.015361194,0.00619272,0.005098236,0.008847049,0.012709515,0.001284949,0.00063069,0.003419397,3.31E-16,8.67E-17,0.000656792,2.84E-28,0.001113968,0.000753952,0.002774178,0.009995217,2.43E-10,0.00058793,1.17E-16,0.000623772,0.000626776,2.55E-26,0.006173137,0.000632057,0.00060227,0.000682506,0.000668022,0.0012575,1.05E-10,0.000668022,0.001909809,0.000606927,0.004212777,1.66E-13,2.97E-16
7,0.04075774,"drug, mine, network, label, identifi, literatur, class, term, data, common",0.000767547,0.002267345,6.68E-18,0.002300598,1.64E-21,0.000757659,0.010109758,1.63E-17,2.46E-18,0.000711396,0.000760417,5.04E-19,0.000767547,0.003880211,0.008670983,0.000761626,0.004620046,2.09E-18,0.003916102,0.001545608,3.64E-18,0.002271648,1.09E-19,4.52E-21,0.002336271,0.010832432,1.28E-20,0.001573471,0.000727235,0.004732233,0.001396736,0.017760541,0.001488024,2.03E-17,0.013521864,7.58E-20,0.001425945,0.001448264,0.0014762,0.001495592,0.003099037,0.006408079,0.003151617,1.16E-18,0.005511542,0.003086384,0.002327354,0.000767547,0.000731945,0.003162013,1.70E-15,0.016481226,0.000767525,0.001487267,0.002287724,1.75E-17,1.18E-17,0.000738631,0.000659216,7.91E-17,0.003009913,2.11E-21,0.002307256,5.71E-20,0.000632195,8.19E-18,9.66E-21,9.00E-21,0.000736319,0.000509685,1.26E-18,0.009310964,0.002925132,0.000777369,6.89E-19,0.003058785,0.001525867,0.000746155,1.55E-17,0.002320473,5.93E-20,0.00150396,0.001538803,0.000746658,0.001502989,4.77E-17,0.001574992,7.79E-20,0.000752872,0.003941819,7.65E-17,0.000767547,0.000767547,0.000758624,0.024805764,0.000694168,0.004677426,1.10E-16,0.002706567,1.22E-16,2.86E-18,0.000730256,6.20E-23,3.13E-18,2.98E-17,0,0.007039662,0.001429876,0.029008535,3.46E-18,6.39E-22,8.38E-26,0.001515593,6.48E-19,2.68E-19,0.000714363,0.002298415,8.53E-20,0.001487062,0.000731555,3.60E-16,0.003123432,0.003452309,0.000868788,0.000724803,0.000756655,4.90E-23,0.001566136,0.003120763,0.001559222,0.003089366,8.40E-21,1.23E-17,7.53E-18,0.000705354,1.17E-16,0.000725326,2.72E-22,0.013211321,0.001517163,5.84E-15,0.001539117,0.006288118,0.001489922,0.000727845,6.83E-17,0.000742028,0.005369753,0.000762956,4.05E-21,0,0.001499691,0.004740197,5.76E-20,0.000646376,0.000754474,0.001547069,2.51E-18,0.005472656,2.66E-20,1.04E-18,1.72E-19,0.002297279,0.001515605,0.001449374,2.86E-18,0.000580836,3.33E-18,0.00234347,1.97E-18,0.001574608,0.002250449,0.003092051,2.10E-16,0.001556547,7.05E-17,6.52E-17,4.39E-17,0.008524216,0.011124911,0.001572668,0.002234705,2.39E-16,0.000721169,0.005369831,7.87E-20,0.008769621,1.20E-17,4.31E-13,0.001558901,0.000826227,5.03E-18,0.000735874,0.005392913,0.003917391,2.23E-16,1.03E-19,0.002331882,4.21E-17,2.46E-15,0.001536672,0.002324181,0.000760283,0.001549104,0.000769298,0.000767547,0.002266626,0.00232593,0.000767547,5.93E-17,0.00116628,0.00224846,1.40E-17,6.21E-19
8,0.04514229,"ontolog, term, develop, semant, data, support, tool, principl, reus, extens",0.0005484,0.001094218,1.70E-20,0.003774073,2.54E-21,0.001698567,0.005318959,2.79E-16,0.009972629,0.000512475,0.000515663,1.09E-18,0.0005484,0.007286123,0.004418926,0.000562673,0.003507672,0.001561985,0.002763903,6.69E-10,0.006268832,0.00153216,1.90E-10,2.45E-15,0.001590527,0.008763952,1.54E-08,1.04E-12,0.00057119,0.004790782,0.002265651,9.20E-10,9.95E-21,0.000524387,0.006861966,2.97E-12,0.002531157,6.30E-16,0.001137866,0.002623531,0.000512483,0.00091387,0.000499574,8.14E-10,0.001140673,0.001096795,0.001634162,0.0005484,1.88E-25,0.001758642,0.001256045,0.021292959,0.000547128,0.003485829,0.000550899,0.000561983,0.000568251,4.27E-08,0.025077554,0.002172944,0.000605518,6.28E-20,0.001077267,0.000545653,0.00221194,1.41E-16,0.00154703,2.75E-09,0.00057538,0.00181481,5.73E-15,0.004713814,0.002260758,3.84E-08,1.06E-10,0.005090939,0.010516858,7.15E-19,0.000493612,0.004753993,6.59E-09,1.69E-09,0.000547435,0.000568416,0.000532521,0.00051624,1.15E-16,1.15E-08,0.001642142,0.010081471,1.24E-17,0.0005484,0.0005484,0.002206871,0.002947389,0.001045905,0.009223306,0.000602109,0.005600688,0.003727219,8.23E-14,0.004613655,0.011733758,0.001029584,0.002257517,0,0.004572306,0.001460763,2.63E-09,0.001075296,3.06E-10,1.08E-17,0.002874498,4.42E-10,0.001128984,0.003699815,0.001152241,0.00115841,0.001099017,5.07E-08,0.00435922,0.002058395,0.003539715,0.001019848,0.002979518,0.000569501,1.13E-11,0.000558178,0.001566505,2.73E-09,0.00246437,1.97E-08,2.71E-05,0.007576781,0.000512714,0.000590982,0.00654191,9.03E-17,0.11160679,0.002212906,2.76E-11,0.001147931,0.004601641,2.92E-19,6.15E-15,0.004832998,4.42E-08,0.000545733,0.000561476,0.000617578,0,2.10E-16,1.44E-13,0.001267093,0.002186822,5.52E-08,2.72E-16,0.000522616,0.007294592,0.001694854,4.26E-09,0.000583493,2.60E-17,6.38E-17,0.002287341,0.000570782,0.00641025,3.48E-19,0.001408322,9.72E-13,7.87E-09,0.002775888,0.000539885,3.49E-12,0.000557236,1.46E-08,1.79E-08,6.51E-08,0.021706646,0.009717462,0.001201639,0.00356599,0.000588695,3.87E-21,0.005695577,6.09E-20,0.003153201,2.73E-09,0.00129578,0.001080638,0.01419875,1.41E-13,3.33E-18,0.002161132,0.002809842,1.79E-11,0.004658281,1.69E-17,0.001280226,1.26E-11,0.000679164,8.73E-11,0.000511951,2.97E-11,0.000542335,0.0005484,2.85E-08,1.43E-14,0.0005484,0.001123123,8.25E-14,3.62E-11,3.60E-14,1.17E-16
9,0.04042623,"diseas, genet, classif, inform, ontolog, gene, pathway, caus, provid, organ",0.001157104,1.97E-11,7.06E-18,0.002333432,0.001114237,0.002333732,0.005239474,3.72E-16,6.50E-10,0.001218076,6.59E-22,1.74E-23,0.001157104,9.67E-19,0.002250259,0.001136851,0.002214156,1.07E-22,0.005879306,2.99E-22,2.20E-18,2.08E-15,7.65E-14,4.10E-22,0.005969117,0.009044947,2.81E-22,0.003546658,3.37E-16,0.001093501,1.08E-12,0.0021188,0.003384744,0.001160049,0.00459915,0.002260901,2.10E-18,0.012445649,1.17E-12,1.22E-15,2.20E-22,0.003593166,0.002233788,4.64E-18,0.001114264,0.009399003,0.003483444,0.001157104,3.76E-22,0.004611793,2.09E-15,0.003376381,0.00115019,0.004667256,0.001139337,8.96E-16,0.003457243,2.71E-17,0.004479853,9.76E-13,0.045042537,0.002438557,0.002289637,5.04E-15,0.002307066,7.92E-11,5.63E-21,1.84E-12,9.95E-15,1.46E-16,4.55E-11,0.005243905,6.29E-18,3.83E-18,2.15E-13,0.002216636,2.74E-14,9.00E-23,6.12E-11,5.29E-20,2.16E-20,0.002179581,2.74E-11,5.17E-15,7.96E-11,1.04E-19,0.004765884,3.37E-23,0.002317873,8.54E-17,3.59E-11,0.001157104,0.001157104,0.001094628,0.002107631,4.38E-12,0.004480413,0.001112225,0.026868103,3.61E-14,0.006128836,0.004683254,1.34E-32,4.11E-16,0.006584853,0,0.004516098,0.010349073,6.97E-12,0.001167771,1.48E-21,2.56E-23,0.002289438,0.002320743,0.001084838,0.009607694,1.01E-13,9.63E-16,0.002287663,0.005708691,2.13E-11,8.57E-22,0.002728073,4.16E-21,0.003422614,0.001144736,3.12E-19,0.002313011,0.008306481,0.002200655,0.00099194,3.69E-22,5.44E-19,1.85E-12,0.002284452,0.001135731,0.001135793,1.33E-14,0.024159931,0.002343929,0.001149416,0.00228352,0.003358254,2.99E-23,6.21E-12,0.001128699,1.59E-22,0.002166966,0.001149417,0.008864301,0,6.67E-21,8.79E-14,8.56E-21,0.00681682,2.54E-19,0.002431103,0.008339444,0.014017322,5.90E-15,4.53E-22,0.004619514,1.05E-21,4.60E-21,0.002245227,6.64E-12,0.002259441,1.12E-23,0.004540402,0.001103994,4.77E-20,0.002250131,0.004689726,0.00348699,0.001176748,8.90E-15,3.24E-20,1.04E-14,0.012548947,0.001811727,2.48E-15,0.002166915,0.001136734,1.09E-24,0.005734455,2.34E-22,0.002314403,7.60E-21,0.001092906,1.03E-11,3.10E-23,0.003285021,4.09E-12,0.012200985,6.48E-16,1.03E-10,9.08E-22,1.80E-20,0.001064782,2.63E-15,2.65E-23,0.010373614,3.71E-19,0.006813616,0.001172683,0.001157104,1.99E-20,1.46E-11,0.001157104,1.02E-20,1.58E-14,2.54E-11,1.94E-14,3.62E-23
10,0.04955333,"concept, class, formal, ontolog, map, context, structur, extent, system, properti",0.000567339,1.41E-06,3.60E-17,0.00200507,1.32E-14,0.001746471,0.007198296,0.000655636,0.004094914,0.000918941,7.24E-11,0.002953917,0.000567339,1.31E-10,0.001637145,0.000532775,0.001566522,3.13E-11,0.002512765,9.85E-11,0.006970195,0.000872046,1.20E-07,0.002374495,1.64E-06,0.011227335,0.000493465,0.004093082,9.56E-12,0.002117795,1.03E-08,0.052943973,5.78E-15,0.000770437,0.003888915,0.005900688,0.000431933,0.058072099,0.001852354,0.00051234,0.007635583,0.008630518,0.02100155,0.00048849,0.005306498,4.98E-08,0.001121569,0.000567339,7.09E-18,1.70E-10,0.000606193,0.001086847,0.000554733,0.00323572,0.001203383,0.01071244,0.000553002,0.001073067,3.28E-13,9.19E-09,0.003980176,1.87E-08,0.001089263,8.06E-13,0.00809161,0.002174033,3.82E-17,6.67E-09,0.000564034,0.002623805,0.000686079,0.007192001,0.002640807,0.007515331,3.17E-08,0.007851237,1.70E-10,3.20E-11,0.002789144,0.002533997,1.02E-16,2.19E-18,0.000645722,1.33E-08,0.000591811,0.000996416,3.98E-09,0.013912019,1.41E-09,0.003262515,1.47E-08,0.000567339,0.000567339,0.001589956,0.006090001,2.67E-07,1.10E-12,0.002222081,0.002777326,0.001335834,0.002519649,0.001321077,0.000893242,6.81E-09,0.00044257,0,0.006635819,0.000223183,0.011201047,0.001170935,4.34E-17,0.012294042,0.001067635,3.09E-09,0.001053364,0.00200415,0.002750202,0.001037415,0.001140153,4.20E-10,2.34E-08,1.54E-11,0.023440063,0.013978484,0.001653116,0.000537465,5.19E-16,0.002425172,0.006009772,8.19E-15,0.000931509,8.68E-17,0.012544775,4.10E-09,0.002261451,0.000607364,0.001666146,0.002826386,0.036174352,0.000401612,0.00265821,0.000499598,0.006161474,0.00296953,0.001919724,1.12E-07,7.80E-15,0.002144611,0.000549524,0.001462209,0,0.001573806,0.000655169,0.001097612,4.15E-08,5.43E-11,3.61E-07,0.015450603,0.003425412,8.08E-13,2.53E-15,7.26E-10,0.001184794,5.47E-10,0.000518934,0.000553196,0.00689364,2.47E-16,0.004475755,0.00546279,1.34E-10,0.001766108,0.00116703,2.03E-08,0.001309171,0.000428734,6.93E-16,0.000492639,0.010945379,0.013245954,0.001843103,0.002228561,4.61E-10,0.005790519,0.005373735,4.59E-15,1.43E-08,3.32E-10,0.001617696,1.44E-08,5.01E-21,8.57E-19,0.00100866,0.016389117,0.008150717,0.000661777,4.31E-14,0.002495538,0.000453717,0.00056243,0.003905547,0.009102755,6.02E-15,0.000557506,0.000604411,0.000567339,0.000572488,0.001679036,0.000567339,0.001060473,0.00259699,1.33E-06,4.18E-06,6.78E-10
11,0.03897745,"hypothesi, factor, ontolog, graph, s, evid, knowledg, t, al, biolog",0.000291759,0.001782279,0.002097607,0.0020377,0.000691002,0.000209806,0.011796794,0.000295436,0.002469151,0.000997136,0.002802052,2.93E-27,0.000291759,0.000503448,0.000503805,0.000266182,0.002580369,7.99E-25,0.003668106,8.10E-21,0.004198493,4.02E-21,0.000353306,0.000339822,0.011783221,0.006128155,0.000350211,0.000672866,0.000317611,0.003400646,2.00E-20,0.000918808,3.88E-05,0.000322985,0.00185009,0.00098248,0.002369753,0.005274186,0.001264519,0.000976646,0.003452376,0.001030994,0.000919738,0.00064381,0.002293244,0.001727222,0.000560765,0.000291759,1.13E-29,9.25E-20,0.000864516,0.00240384,0.0002898,0.00487485,0.00022553,6.21E-20,0.001393396,4.52E-20,0.001637901,0.003081686,0.005824385,2.99E-23,0.005177038,7.36E-22,0.007709378,0.001353482,5.09E-25,0.000271564,0.001371848,0.000206761,0.001061245,0.010718245,0.001862109,0.017516473,0.000346731,0.003554992,0.002438914,2.37E-25,1.57E-19,2.09E-22,0.006952989,1.23E-21,0.003485999,2.67E-21,0.001617889,0.000329242,0.007507567,0.001700204,0.002752291,5.15E-20,0.034192923,0.000291759,0.000291759,2.89E-22,0.001606117,0.0011997,0.00471281,0.000659652,0.00168933,0.001034898,0.003172206,0.000288899,3.59E-34,0.00138939,0.000244677,0,0.007184766,0.017142375,1.25E-08,0.00033333,0.000347837,1.01E-28,0.000574415,0.000687218,0.000613609,0.002010719,0.000118464,0.00317229,0.000896965,0.001289426,0.000313989,0.000231695,0.002406467,0.000292512,0.002776793,0.000288067,0.000955357,2.30E-20,0.000725797,0.000294068,0.001328914,0.001412866,0.00015563,2.30E-20,0.006999294,0.00316748,0.000669072,0.000340012,0.036599416,0.000104921,0.0002051,0.000231452,0.006889266,6.12E-08,2.51E-05,0.002116426,0.000326622,8.45E-05,0.000290528,2.45E-22,0,8.58E-24,0.001703658,1.67E-20,0.009110428,0.000274237,3.09E-21,0.004537094,0.002499651,0.001354088,0.010540766,0.001399549,5.06E-25,0.00033543,9.61E-20,0.000345533,0.004182499,1.43E-27,0.006732954,0.001626388,0.000310261,0.017705981,0.001355336,0.000268193,0.002751209,0.004606681,1.59E-20,6.70E-20,0.0101585,0.008771923,0.000125476,0.000972124,0.000116598,6.68E-28,0.00546515,3.38E-27,0.001928117,0.00141469,0.000917268,2.27E-20,0.000669433,0.000421686,2.50E-22,0.001663745,0.00228242,0.002122601,0.002127673,0.001027243,0.009895352,0.000316664,0.000327782,0.003308342,0.001054204,0.001034358,0.000292504,0.000291759,0.005345541,0.000671176,0.000291759,4.64E-22,9.54E-21,0.004716638,0.001271945,1.83E-24
12,0.01974566,"tripl, tool, knowledg, object, biomed, open, subject, repres, various, comput",4.18E-06,5.32E-10,3.36E-14,6.48E-06,1.85E-21,4.08E-05,6.25E-08,3.52E-21,1.30E-07,2.95E-07,9.44E-13,1.25E-17,4.18E-06,2.02E-10,2.17E-05,1.16E-06,1.61E-06,3.55E-15,4.79E-06,9.39E-18,2.28E-06,0.020697842,8.72E-14,2.24E-18,1.02E-07,0.066406277,1.29E-16,3.70E-05,1.49E-19,8.77E-06,5.21E-10,2.07E-08,3.97E-18,8.04E-18,1.65E-05,4.67E-06,0.037431801,1.40E-06,5.35E-06,1.59E-10,1.27E-08,0.009753,9.75E-11,5.83E-08,2.41E-06,1.08E-06,7.36E-06,4.18E-06,1.36E-18,3.82E-11,9.96E-11,7.75E-10,4.98E-06,6.20E-08,2.99E-06,1.91E-09,2.66E-09,8.42E-15,1.30E-07,0.000103316,0.035902266,2.82E-14,0.000479463,0.002382513,0.000303075,1.80E-07,2.10E-12,2.45E-09,6.14E-10,4.70E-09,4.42E-09,4.32E-08,0.000142422,1.70E-10,1.61E-20,1.40E-07,9.38E-06,5.16E-20,8.17E-07,0.000541538,5.05E-15,4.38E-23,1.16E-08,1.04E-18,4.61E-09,0.000119283,7.64E-13,8.40E-11,0.000186252,4.83E-10,1.70E-05,4.18E-06,4.18E-06,2.14E-05,1.64E-05,9.37E-07,7.59E-05,3.99E-07,3.00E-05,1.03E-07,3.79E-13,1.12E-06,6.63E-11,0.001286376,4.29E-06,0,2.81E-06,0.094267054,2.95E-10,0.001179496,4.49E-06,7.51E-16,5.62E-07,1.18E-08,1.32E-14,0.000156284,1.43E-06,0.000745927,1.87E-06,5.63E-14,1.81E-10,1.16E-14,3.24E-17,1.60E-09,1.12E-06,2.55E-05,3.99E-05,1.92E-05,2.96E-06,7.85E-17,2.06E-08,4.17E-16,0.074442608,6.77E-10,1.83E-08,6.47E-08,1.58E-08,3.11E-18,0.000208471,0.065875388,4.82E-09,3.39E-05,3.34E-06,4.58E-16,2.24E-12,3.50E-09,1.13E-27,2.08E-05,5.89E-06,2.62E-14,0,7.77E-14,0.000531774,6.98E-09,2.57E-05,5.38E-17,1.67E-14,6.97E-08,3.41E-05,3.18E-06,5.71E-19,6.05E-11,2.29E-14,1.31E-24,1.23E-10,1.22E-08,4.06E-08,8.03E-21,0.041551647,4.96E-14,1.11E-19,6.75E-05,4.67E-05,8.52E-09,6.76E-11,1.75E-06,1.24E-18,3.43E-14,4.56E-05,2.70E-08,9.05E-15,1.32E-05,4.43E-11,5.60E-12,0.001282282,3.62E-22,0.000411828,8.46E-19,7.84E-09,7.46E-14,2.10E-15,0.047598811,2.16E-13,1.59E-06,2.48E-10,3.12E-08,6.90E-16,1.56E-14,1.88E-09,5.96E-06,5.55E-09,2.39E-06,2.95E-12,7.62E-06,2.16E-06,4.18E-06,5.52E-11,2.43E-09,4.18E-06,3.02E-12,2.79E-05,3.25E-13,1.23E-16,3.87E-19
13,0.04298275,"cell, term, map, set, gene, tissu, type, queri, process, owl",0.000613403,2.98E-14,7.95E-18,0.00504464,4.79E-15,0.000628367,0.004997149,1.77E-13,1.57E-14,0.002477141,6.14E-12,0.000624403,0.000613403,0.003077656,0.001235974,0.001241301,0.002456314,0.001238345,0.005041784,0.000612317,0.004995588,0.000597054,6.85E-12,1.53E-11,0.004331006,0.004714715,2.32E-16,0.00062497,7.53E-17,0.003826717,6.64E-17,0.015830586,5.51E-16,0.002542555,0.00182659,0.00060808,0.0004914,0.001193868,1.80E-13,0.003154799,0.000616628,0.001170621,3.96E-14,0.000628385,0.001880175,0.000586798,0.001852942,0.000613403,2.08E-19,0.001834462,2.83E-14,0.006268888,0.001253706,0.003811114,0.001203697,0.009351109,0.000609372,3.76E-15,0.001806208,0.00373957,2.68E-16,1.31E-17,0.002480544,0.00059103,0.000543935,0.001247174,5.29E-17,4.41E-18,0.000608081,0.003117772,0.003110142,0.005002169,2.20E-11,3.56E-14,1.12E-17,0.006322944,1.21E-15,1.33E-12,0.011890025,0.001879745,0.001843004,2.67E-16,0.000617584,6.71E-19,0.001243472,1.26E-14,0.004493736,7.15E-13,0.000627069,0.008867362,0.003518499,0.000613403,0.000613403,0.001253603,0.005710443,0.000587687,0.00286036,0.000603356,0.000423549,0.000616086,2.44E-10,7.65E-12,3.72E-16,1.80E-15,0.001887026,0,0.005041155,2.28E-13,2.71E-12,5.87E-14,0.000602688,4.99E-16,0.001224278,5.26E-15,0.001271125,0.005693514,0.00820849,0.001875566,0.001856203,2.23E-13,0.0037128,0.01248923,0.047295632,0.001222363,0.002536622,0.000612514,0.000556809,0.001250948,0.003723341,0.003691993,0.005000246,0.001812505,0.000551068,0.00059673,2.74E-14,0.000628603,0.000607033,7.30E-16,0.012765769,0.001796027,0.001890641,0.001887518,0.004444795,6.04E-15,0.001273914,0.001873215,1.47E-16,1.63E-13,0.000613128,7.06E-14,0,0.000628517,1.71E-12,5.04E-14,0.019414282,0.000620547,7.88E-19,0.005037409,0.004959429,8.72E-17,7.02E-16,0.001208387,1.69E-11,1.84E-11,0.005648232,0.001245347,0.002514651,5.48E-16,0.000461199,1.15E-13,0.003206657,0.00243725,0.000601432,1.31E-10,3.11E-10,0.004409193,9.36E-17,0.001242234,0.006913671,0.042717133,0.001264455,0.00707708,0.001242544,1.29E-16,0.001221574,6.08E-17,0.003138013,1.81E-11,2.71E-10,0.000601772,0.000596574,4.78E-18,0.001218037,0.001832051,0.007621628,1.75E-14,1.63E-15,0.000625399,0.004471658,5.07E-14,2.42E-18,0.021689551,6.84E-17,1.54E-11,0.000612275,0.000613403,0.000623957,4.30E-11,0.000613403,4.23E-11,3.64E-11,0.003089961,0.001852584,0.001223815
14,0.04426729,"relat, graph, extract, edg, label, depend, node, perform, task, path",0.000534904,8.40E-15,1.37E-13,2.95E-13,1.04E-14,0.003192201,0.005067766,0.001577631,1.27E-12,0.001595502,2.56E-14,2.45E-15,0.000534904,0.002099575,0.002616074,0.000525599,0.003178121,2.65E-18,0.004318223,0.000497303,8.13E-15,5.10E-17,1.60E-13,1.83E-12,4.31E-14,0.008852533,1.45E-12,3.61E-13,1.34E-10,0.00269461,1.29E-17,0.000922499,0.005542482,2.21E-12,0.003183789,0.000508408,0.006098778,4.96E-13,0.002657443,0.001070027,0.001029856,0.002074487,4.57E-12,0.001578348,0.003765603,0.000503939,0.001059597,0.000534904,2.73E-17,0.001007493,0.006378076,0.001971286,0.00053488,0.003208103,0.001577931,0.002191511,6.61E-12,0.001004692,0.000474459,0.003733974,0.007191971,0.001007649,0.001603947,0.000496224,0.000466695,0.001042574,0.001000542,0.002644682,0.000523157,0.009296723,1.97E-11,0.005087192,0.004777264,0.000481194,1.25E-12,0.008096791,0.000504136,0.003019768,0.002078639,0.001016624,0.007423683,1.48E-21,0.002637193,2.77E-20,0.004291013,1.19E-13,0.002848865,0.00052449,0.002830892,0.000966179,0.040569645,0.000534904,0.000534904,0.000503471,0.000343254,0.006475069,0.001514744,1.10E-14,0.000981873,1.62E-13,0.000534557,1.04E-14,1.74E-27,2.04E-15,0.0009527,0,0.005302961,3.36E-05,0.029522226,6.79E-15,6.37E-16,4.98E-20,0.001065405,2.69E-15,0.001639121,0.000493535,0.002121796,1.67E-14,0.001606063,0.003753246,6.65E-12,0.001568228,0.003639898,0.008079539,0.001098286,0.000532199,4.31E-15,0.003119602,0.006948124,0.001114002,0.000508853,2.73E-15,0.002134618,1.07E-20,0.00213994,0.001632475,3.18E-14,4.90E-13,4.86E-12,0.000667997,0.002797935,0.001607055,0.004786234,0.009166345,0.006180077,1.03E-13,0.000532967,0.018737436,0.000533845,3.25E-20,0,0.002511682,0.001027455,1.03E-15,0.001529568,0.002204847,1.54E-14,7.26E-13,0.002625281,5.88E-15,0.005214697,2.84E-15,0.002547586,2.63E-13,0.003617336,2.54E-15,0.046345294,0.000999044,0.000988932,0.003678497,0.001135602,0.002629478,9.53E-14,0.000491134,0.00159464,0.000503568,0.002112018,3.36E-18,0.007504412,0.010384166,0.003468151,0.011790367,0.005504855,1.61E-17,0.003133517,0.002578446,0.004965777,0.000524705,0.001581028,1.80E-15,0.000521807,2.48E-05,2.11E-19,0.00812864,0.003718483,0.000522549,1.91E-13,9.19E-12,0.004832741,0.000541439,2.13E-16,0.002668979,4.99E-12,3.50E-14,0.000534757,0.000534904,0.001604439,0.001060535,0.000534904,0.001582434,0.003677605,0.008214918,0.004827484,0.007586148
15,0.05050762,"formal, user, data, learn, social, label, perform, al, et, train",0.000881535,2.02E-15,0.000787082,0.001544474,0.001403634,0.00230751,0.01787081,0.000725516,5.11E-11,9.01E-14,2.62E-17,1.10E-11,0.000881535,2.77E-16,0.005434188,0.000842318,0.004089737,4.97E-20,0.002475307,2.36E-14,2.65E-12,1.82E-11,3.55E-15,6.57E-15,0.000746916,0.007022059,0.000953286,3.19E-11,0.00365666,0.002469445,0.00747302,0.008461319,0.010591702,0.002416753,0.004296508,1.11E-14,0.001462774,7.93E-14,0.003780469,0.008810465,9.21E-18,3.43E-11,5.43E-10,3.75E-13,0.004047117,2.18E-12,0.001735572,0.000881535,2.29E-14,0.000791756,0.001547839,0.031698973,0.000881517,1.10E-13,2.30E-12,1.07E-08,0.002829805,0.000809505,6.82E-14,2.13E-14,0.000964132,5.50E-18,0.002684959,9.27E-16,0.002536826,0.001467031,0.001391108,2.22E-15,0.00082691,1.35E-11,2.80E-09,0.017020062,0.00075427,3.63E-10,0.001783828,0.006461421,0.001529906,2.48E-20,4.80E-13,5.34E-12,0.001512623,3.88E-16,1.52E-13,6.22E-18,0.002347817,3.23E-10,0.000849937,2.22E-13,0.001976792,8.80E-14,6.91E-12,0.000881535,0.000881535,0.000938485,0.005925929,0.00072391,0.001477217,1.76E-11,0.010656298,3.76E-12,0.007387978,0.004611777,1.81E-30,0.001575722,7.89E-13,0,0.007097658,0.000733453,0.022008866,3.85E-14,0.000772086,7.00E-18,0.001733114,4.99E-14,0.001633513,0.000777456,0.000753414,2.19E-14,0.003514093,0.000727393,0.000958026,0.001401169,0.003014597,3.09E-14,8.85E-10,0.000839048,0.006272258,0.000810078,0.001486042,8.77E-08,0.000812082,0.000738148,4.92E-14,1.80E-15,0.001582824,0.000792635,7.27E-12,5.03E-14,1.94E-10,0.001677106,0.001825723,0.000800239,0.006315677,1.21E-14,5.37E-15,0.000597829,0.002533037,0.020648437,0.000868983,7.13E-17,0,0.000688759,0.000748242,8.47E-11,0.003113444,2.24E-11,1.58E-10,0.00077164,0.006044718,1.46E-15,0.000724959,0.000746432,0.0006887,0.002116669,3.30E-13,7.40E-14,4.79E-11,9.30E-24,0.002648148,0.00608346,5.90E-11,0.002484182,0.001589839,3.26E-14,0.003771139,3.14E-13,4.32E-10,0.001459565,0.008634428,0.00900617,0.004971295,0.002172838,1.26E-11,1.03E-14,0.003123834,4.60E-14,9.48E-11,3.18E-15,0.000749547,5.01E-11,7.64E-17,5.05E-15,0.002375534,0.008866271,0.005461499,8.40E-12,3.23E-14,3.02E-09,0.001470528,0.000905711,0.000755201,0.003960848,2.01E-10,3.52E-13,0.000875127,0.000881535,0.003064662,1.25E-14,0.000881535,1.24E-11,0.002618748,0.004097306,0.001478627,0.000689176
16,0.03962765,"diseas, term, frequenc, pattern, collect, mention, identifi, data, health, locat",0.000674247,0.002005523,1.52E-14,0.00573184,0.000600687,1.08E-14,0.006855204,0.000183914,0.000653884,0.000492595,0.002565054,6.85E-15,0.000674247,5.83E-16,0.006348052,0.001395371,0.004214364,0.000564872,0.004117783,0.001318158,5.86E-14,0.001374114,9.13E-16,7.52E-16,0.000709235,0.006544615,4.43E-17,7.92E-15,8.75E-13,0.005806671,5.87E-07,0.001781992,0.000625337,0.000628386,0.004199563,0.001176522,0.000480582,5.54E-09,0.005892362,0.000639633,0.000651692,0.006478462,0.002068154,0.006117801,0.003587369,0.001276373,0.001338932,0.000674247,2.64E-22,1.96E-14,0.00071719,0.014687559,0.000674602,1.33E-05,0.000581116,1.63E-13,2.17E-13,0.005295839,0.000118406,2.46E-15,0.079290904,0.001375551,0.008103523,2.43E-22,0.001170227,0.009230338,0.000802789,3.66E-16,0.00060996,0.003659129,1.34E-13,0.006895865,0.000477199,7.77E-14,2.39E-18,0.004790607,4.04E-12,0.002930006,0.004134585,1.13E-12,0.000687037,0.004005016,0.000610394,1.52E-23,0.002104148,0.00072711,1.96E-15,0.000631643,0.002292363,4.22E-06,6.32E-20,0.000674247,0.000674247,0.000647676,0.016510046,4.06E-16,0.000879632,0.002120386,0.009486902,0.001369768,5.66E-15,0.000697757,1.89E-21,1.39E-15,3.43E-14,0,0.006979647,9.20E-13,1.29E-13,5.03E-15,0.001393743,1.75E-17,0.001300086,0.000724719,0.000621742,0.001365221,0.001253225,1.00E-15,0.002063745,0.002097664,3.70E-14,1.55E-15,0.000876978,2.99E-20,0.000690684,0.004525934,8.86E-16,0.00210838,0.003666943,7.31E-14,0.006684886,5.09E-18,1.14E-16,3.35E-13,3.69E-14,0.002206236,3.18E-18,6.29E-21,2.94E-12,0.002013587,2.55E-12,0.003612018,0.00628286,2.85E-15,0.000710277,0.023110914,0.000726141,0.004270968,0.001444371,2.24E-16,0,0.000504075,0.002956003,0.001443169,1.68E-13,0.000690218,0.002143764,1.85E-15,0.01166107,4.98E-16,2.53E-14,0.001342508,1.10E-14,0.000641197,0.001235431,0.001397778,0.000550401,0.003035935,0.001073111,0.00067388,3.15E-14,0.008653439,0.002939818,0.001823359,9.89E-08,0.000668679,0.000733418,0.003584809,0.009967671,0.003388236,0.000588091,0.005351138,2.91E-14,1.10E-24,0.006581123,2.28E-14,0.009619495,2.41E-15,0.002944739,0.00063787,2.18E-23,1.30E-14,4.14E-24,1.90E-09,0.004000918,0.000705285,0.000558087,0.000742235,0.001410964,0.000639011,2.71E-20,1.95E-15,9.78E-14,0.000564126,0.000674821,0.000674247,7.76E-10,1.24E-15,0.000674247,2.16E-14,0.002773789,2.53E-14,8.84E-15,5.80E-15
17,0.09334162,"ontolog, term, treatment, provid, drug, s, data, step, patient, domain",0.004278249,0.001491512,0.001349326,0.007225582,8.09E-18,9.37E-08,0.00449542,1.07E-11,5.72E-08,2.67E-07,8.63E-17,2.89E-15,0.004278249,0.001249418,0.003729366,0.00715417,0.010067635,4.85E-18,0.009125349,3.89E-19,0.003025081,7.56E-12,6.42E-12,8.71E-17,1.28E-07,0.012186626,1.03E-15,3.59E-07,1.82E-10,0.003502893,0.001616759,0.00899689,4.37E-15,1.26E-09,0.011650218,0.003880847,0.001124042,0.001927221,0.003229181,0.001341574,0.001235729,0.001485524,9.95E-12,4.78E-16,0.003308446,0.001730667,0.010307347,0.004278249,1.88E-14,0.002893004,0.001444116,0.015934854,0.004275872,1.30E-10,0.009933267,4.53E-12,0.001574459,1.00E-12,6.02E-09,1.28E-07,0.00267135,1.01E-11,0.014156867,0.001965143,0.014467662,0.001613448,5.44E-17,6.88E-11,0.003009283,0.001302064,9.48E-09,0.00447528,3.09E-09,0.001419891,3.56E-09,8.51E-08,0.003582997,5.84E-18,1.06E-08,0.002459132,5.66E-17,5.44E-18,1.82E-08,2.16E-11,9.50E-08,0.002771246,5.77E-11,4.88E-17,6.98E-08,2.18E-12,1.99E-08,0.004278249,0.004278249,1.27E-07,1.21E-08,0.005423694,0.003727704,0.006380499,0.009226898,0.003221062,3.95E-10,0.003571305,0.003634387,1.50E-07,0.002445704,0,0.004748139,0.00989671,0.001359527,2.11E-07,2.27E-10,2.77E-22,0.00777423,0.003244566,1.31E-13,0.006837059,0.010409268,0.002175694,0.008597578,0.001315414,4.10E-08,1.46E-14,2.89E-12,6.47E-14,3.08E-09,0.003827806,2.92E-09,0.003670974,0.001495222,2.63E-11,0.005602405,1.53E-16,1.69E-10,0.001381328,4.42E-12,0.001453998,9.77E-11,1.96E-10,0.048420227,0.009040037,0.001745998,0.004127576,0.003217805,8.72E-18,5.33E-09,5.48E-10,2.17E-16,6.55E-10,0.004027312,2.72E-22,0,3.30E-16,0.004969299,7.54E-15,0.003692503,0.001342167,5.33E-09,1.32E-08,0.022114487,1.19E-08,1.75E-18,0.001404278,1.03E-16,4.28E-16,6.15E-10,8.59E-10,0.001490755,0.001199191,0.004775331,1.70E-16,7.83E-13,0.017144669,0.004264499,0.002043395,1.86E-10,1.21E-09,2.89E-14,5.89E-12,0.011248193,0.001109364,0.001686299,0.003939679,3.00E-10,1.70E-19,0.004817263,9.22E-18,0.003348385,8.34E-16,0.015639772,7.99E-09,1.47E-13,7.39E-10,1.43E-08,0.006831401,1.39E-11,0.001625716,1.79E-16,6.90E-13,0.001201726,0.002251666,7.32E-18,0.00503643,1.29E-14,2.97E-09,0.004274034,0.004278249,1.97E-13,1.34E-09,0.004278249,3.24E-15,6.48E-09,4.42E-08,3.49E-11,4.82E-20
18,0.04002991,"al, et, discoveri, semant, queri, extract, involv, diseas, investig, biomed",0.000629914,4.49E-15,0.000647717,0.002605875,6.57E-24,0.001359208,0.050556197,2.46E-22,1.06E-15,2.93E-13,0.000609521,0.003329873,0.000629914,2.15E-14,0.001811016,0.000582391,0.004675845,0.000627416,0.003984295,1.25E-11,2.33E-18,5.24E-19,1.06E-12,5.12E-20,0.001273385,0.011667262,1.08E-18,0.000643837,0.000666402,0.000481728,0.000658707,2.69E-12,2.51E-19,0.00204728,0.001723021,0.000639727,7.09E-15,0.005441313,0.002013425,1.86E-12,9.65E-18,0.000166043,0.002636542,0.000756791,0.000517282,2.16E-14,0.001221083,0.000629914,0.000629871,0.000586651,9.80E-18,0.010024314,0.000623097,2.81E-11,3.57E-14,5.73E-17,5.32E-14,0.005600734,0.005546494,0.002720989,0.013795503,4.43E-18,0.001158953,8.88E-18,0.00262065,0.002754406,0.000665149,1.41E-15,0.001346902,0.000557075,1.09E-16,0.049064944,0.000576121,0.003491781,0.000689905,0.004714381,4.06E-17,0.005361108,2.05E-12,5.16E-16,1.99E-16,0.002767675,0.002781956,4.75E-20,0.002015242,7.02E-25,0.001310229,9.05E-14,0.002722978,0.005410318,0.006134223,0.000629914,0.000629914,0.002743584,0.008695609,1.00E-14,3.69E-06,0.000625508,0.007332117,0.002020897,7.51E-12,0.001341001,8.82E-38,0.01170684,0.017261543,0,0.008129549,0.000142664,2.38E-12,0.000679664,5.70E-19,7.57E-34,0.001263678,1.48E-16,0.002722971,0.002601185,0.001109482,3.18E-19,0.003347547,0.000640082,0.001319608,0.000447281,8.98E-09,4.15E-20,0.001309142,0.000623485,3.82E-20,0.001277394,0.000394288,0.004171835,1.40E-14,5.70E-17,0.001075555,1.07E-16,1.05E-17,0.001367221,2.52E-14,8.50E-21,5.66E-05,0.001718485,0.0034511,0.000577103,0.007506217,6.43E-25,0.000668189,0.000594396,1.33E-18,0.004690864,0.000630063,1.78E-19,0,0.00127233,0.00264645,0.002770805,0.005938551,0.001365128,3.46E-17,2.53E-13,0.007316452,0.000668697,4.33E-18,4.89E-16,0.00265706,0.000633237,9.36E-15,0.000677262,0.006194596,1.10E-25,0.00272672,0.001416415,0.001339794,0.003933311,0.000560966,0.002622524,0.000469104,0.001328291,0.00208524,0.001338143,0.025564439,0.00215984,0.000630402,3.34E-14,0.002082897,2.38E-22,0.001904711,7.97E-26,0.00112919,0.000689473,0.001267779,0.000657003,4.68E-20,0.008057475,6.58E-18,0.002576001,0.003384041,0.000666951,4.41E-20,0.006009234,4.49E-13,0.00066239,8.01E-18,0.002466871,8.63E-24,0.001302688,0.000631429,0.000629914,0.000637081,7.41E-12,0.000629914,0.002011348,2.49E-14,0.004066088,1.45E-13,2.58E-15
19,0.04327402,"terminolog, code, set, clinic, valu, concept, system, search, implement, snome",0.000606367,0.001827374,0.000583728,0.004899212,0.001188639,0.000559121,0.006077633,0.006227939,5.90E-13,0.00958614,0.000570897,2.57E-18,0.000606367,0.001128148,0.000538665,0.000597561,0.003004915,0.001172272,0.006746918,3.26E-14,5.90E-20,0.000611854,0.000579696,0.001168677,2.47E-13,0.005966876,0.001199442,0.000594516,0.00185595,0.003613432,0.006984394,0.00057183,0.000572664,6.47E-13,0.003628708,0.003624616,0.000547874,0.020531583,0.001796897,1.25E-13,1.68E-15,5.96E-13,0.002456385,2.98E-17,0.001184885,0.004866227,0.001210057,0.000606367,0.016475339,0.004738209,1.23E-17,0.010332445,0.000606389,0.010305762,0.000591471,4.13E-15,0.004223088,0.001216363,0.002441429,0.000556826,1.52E-17,2.26E-15,0.004915432,5.84E-21,0.004288342,3.59E-15,9.98E-17,3.15E-18,0.001833728,7.80E-15,4.57E-14,0.006078566,0.00114754,3.02E-17,0.000601484,0.009744576,0.00291124,0.000575559,0.003026585,0.000558553,0.001758038,0.005385198,0.001202111,0.000584591,0.001802428,2.67E-16,0.003626575,8.97E-15,2.92E-13,0.002975472,1.56E-16,0.000606367,0.000606367,0.002454819,0.001796737,0.018609884,0.010209295,2.49E-15,0.002985106,0.001229891,0.002998729,1.50E-15,0.001696583,3.68E-19,0.003483596,0,0.006031231,0.001149835,0.002227733,1.21E-19,7.87E-17,8.49E-24,0.002432115,1.44E-15,0.001808355,0.000589169,0.00117976,0.001157106,0.001206201,0.003600282,0.000590595,4.31E-19,0.004791561,0.005217793,0.000601246,0.0006015,4.85E-24,0.000579982,0.000560677,1.44E-14,0.00120296,2.76E-21,7.96E-23,5.25E-18,0.000576636,0.001212298,1.13E-16,0.000598787,0.016265565,0.001211336,0.002404832,0.003025926,0.0066519,4.69E-22,8.99E-15,0.000578097,2.01E-15,0.001703156,0.000604286,0.001731294,0,1.03E-14,0.000593472,1.00E-13,0.004063329,0.001204093,0.000633797,0.003573493,0.009202107,0.002903635,2.71E-22,0.00120936,7.50E-21,0.000587529,0.005471295,8.45E-15,0.00033256,0.000583797,0.004288237,5.86E-17,0.001189284,0.007356056,1.75E-14,0.018813693,0.002328961,0.000590885,6.08E-15,0.001791023,0.00603998,0.026388029,0.001860742,1.21E-12,0.000563488,0.017064308,0.004175856,0.000568875,0.007338693,0.000572845,0.00058486,0.001871135,8.68E-23,0.000575431,0.000601716,0.020163118,0.003591864,9.79E-14,0.00299137,2.01E-14,0.000566797,0.000608607,9.45E-22,0.003541366,0.00059644,1.56E-14,0.000608344,0.000606367,0.022261263,2.50E-15,0.000606367,1.08E-15,0.001191185,0.001132301,4.66E-16,8.78E-20
20,0.09062977,"ontolog, name, semant, inform, journal, exampl, descript, publish, import, knowledg",0.000323815,0.001535652,4.84E-15,0.003693859,6.24E-27,0.002053137,0.003733131,2.10E-07,0.001933693,0.001701267,8.23E-10,1.97E-11,0.000323815,6.12E-06,6.45E-05,0.000392869,0.006863896,3.79E-10,0.001378996,0.00030988,0.002995543,0.000215132,0.00135105,4.82E-09,0.005836415,0.007809808,0.000289506,0.0025324,0.001201841,0.003337246,0.000252059,0.005610236,7.54E-15,0.00032471,0.002119347,0.000190388,2.15E-05,0.007187625,0.00262666,0.001196707,3.23E-12,0.001263769,2.22E-10,3.70E-05,0.002796272,0.006520099,0.000428884,0.000323815,8.23E-15,0.002162755,0.000154649,0.00240299,0.000324827,0.001669864,0.001548559,0.001509346,0.012591395,0.000804065,0.009413611,0.001392672,1.97E-11,1.04E-07,0.000969154,0.0006336,0.008371933,5.09E-06,8.28E-24,0.001183286,0.000351706,0.003279248,0.000395368,0.004077329,0.000569331,0.000837443,0.000892664,0.016742814,0.000937041,1.29E-13,0.006036241,0.000997165,2.44E-05,2.81E-05,0.00092734,0.000546231,0.006843871,1.22E-05,7.63E-07,0.000587711,0.00178959,0.001465792,4.32E-05,0.000323815,0.000323815,0.000705874,0.003147717,0.000184174,0.012438292,0.001773549,0.017991894,1.14E-05,0.000259402,0.001110696,8.33E-27,0.000625598,5.03E-05,0,0.016838703,0.010879641,0.001723708,0.000896406,0.000893857,1.21E-14,0.001440979,0.002570147,3.41E-06,0.007834396,0.005648459,0.000398637,0.002534677,0.002693889,0.001684025,2.59E-10,1.10E-06,3.18E-12,0.006598357,0.000773707,0.000110694,0.001522336,0.022809189,0.000672677,0.004161814,0.000137807,0.000257316,0.001876131,9.78E-09,0.002230015,0.003614063,1.78E-05,0.069700141,0.00262242,0.004674663,0.001743561,0.007810433,2.99E-15,4.83E-05,0.004583515,1.86E-06,4.42E-06,0.000558294,9.38E-05,0,9.11E-10,0.001466494,0.000178965,0.006307043,0.000973027,0.000621111,0.005754648,0.006728282,0.001060693,5.61E-06,0.000922429,1.74E-11,3.85E-12,0.002536548,0.001129707,0.001154543,1.95E-27,0.002490088,1.79E-10,0.000401508,0.006452304,0.003537987,0.000822762,0.005287998,0.003453663,0.00052668,0.002564631,0.01979495,1.97E-05,0.00019945,0.00072031,0.000898172,9.04E-13,0.001085587,3.16E-13,0.002206991,0.000279675,0.000428825,0.001425023,8.19E-07,2.69E-05,9.93E-06,0.003652371,0.000356973,0.001364192,1.62E-05,3.44E-10,0.002423076,0.000745209,5.05E-05,0.002772791,5.45E-11,0.003327226,0.00067757,0.000323815,0.000258186,0.000579164,0.000323815,2.54E-05,0.000607597,0.005360565,0.000179337,1.12E-09
