TOPIC,TOPIC PROPORTION,TOP WORDS,,access,ad,addit,al,algorithm,annot,appli,articl,assign,author,avail,b,becom,biomed,c,care,categori,classifi,clinic,code,common,comput,concept,consist,contain,content,creat,creativ,credit,criteria,current,d,data,databas,defin,definit,describ,descript,detect,develop,document,domain,ehr,encod,entiti,establish,et,evalu,exampl,exist,express,extern,extract,form,format,futur,health,human,ical,id,identif,identifi,implement,improv,inform,informat,ing,instead,journal,keyword,knowledg,languag,librari,licenc,licens,limit,line,link,list,literatur,made,main,make,map,materi,medic,medicin,normal,object,observ,ontolog,open,optim,otherwis,page,patient,perform,permit,predict,process,provid,public,r,relev,repres,resourc,review,s,search,select,semant,sinc,sourc,specif,standard,structur,symptom,system,t,tabl,task,text,therefor,tion,type,unless,usag,valid,valu,view,visit
1,0.072736545,"d, s, c, t, al ",,0.000547946,0.0073843,0.002977691,0.052661913,0.013398366,0.004616391,0.002970926,0.001448648,0.001744757,0.001232393,0.000713488,0.004430916,0.00148441,0.005867945,0.089196664,0.00226613,0.002606117,0.001273215,7.76E-08,0.00214909,0.003626633,0.002976699,0.015950045,0.002644643,0.001434115,0.001476986,0.002203064,0.003679577,0.002204384,0.002229736,0.002192537,0.174405389,0.007110768,0.002956399,0.002190243,0.002202581,0.004504588,0.002629606,0.010525041,0.006682844,0.001279173,0.002214762,0.002148175,0.001274993,0.003314777,0.001460939,0.017469388,0.01442506,0.00191088,0.002997447,0.001315786,0.002936191,1.09E-06,0.000643789,0.00222879,0.003253837,0.000255218,0.00128383,0.00146664,0.005960086,0.001430556,7.80E-06,0.004647484,0.001271739,0.001400548,0.001455694,0.001427114,0.001472574,0.005872814,0.001445605,7.48E-23,0.003135806,0.001453223,0.002925998,0.00147187,0.00297821,0.001512132,0.003737016,0.003698994,0.002665506,0.001451786,0.001460223,0.00146007,0.007958341,0.002162614,0.005140744,0.002183289,0.003052182,0.003742002,0.001469964,0.012640916,0.000182527,0.001311301,0.001471155,0.006693425,0.010630703,0.007282949,0.002198739,0.004616325,0.005681402,0.001312913,0.005823384,0.034144203,4.61E-18,1.71E-05,1.59E-30,0.008151595,0.112977776,0.002875847,0.002179674,0.006652794,0.001612215,0.00214803,0.001472568,0.003725769,0.003188191,0,0.001264979,0.058122726,0.001339337,0.003231505,0.019867261,0.003895781,0.002942194,0.002217972,0.001469195,0.001306492,0.005886252,0.0013698,0.002238403,0.0029991
2,0.009009415,"symptom, clinic, health, extract, resourc ",,0.02856812,7.64E-12,1.95E-08,1.56E-06,1.26E-08,1.09E-07,4.29E-07,2.42E-08,9.66E-10,2.95E-09,0.014882885,1.50E-10,7.51E-14,1.02E-06,2.67E-08,1.13E-06,1.57E-08,4.81E-12,0.132365607,3.00E-10,8.20E-07,2.59E-07,3.18E-07,3.54E-11,7.63E-07,5.27E-09,2.75E-10,4.69E-07,3.31E-07,1.82E-11,2.55E-07,0,4.19E-06,9.98E-06,9.86E-07,3.68E-08,1.54E-07,8.70E-11,5.60E-10,1.25E-06,1.07E-06,4.82E-07,3.55E-06,6.95E-07,7.45E-07,1.09E-08,1.01E-06,2.28E-08,3.65E-07,3.59E-07,1.84E-12,2.07E-12,0.141462822,0.021640987,2.94E-07,1.81E-09,0.134251247,1.05E-07,3.66E-09,9.02E-09,1.25E-09,0.042013074,1.70E-11,3.32E-08,0.026570728,7.34E-08,1.84E-06,2.26E-10,4.49E-07,2.90E-07,0.005441909,0.031440935,1.59E-10,4.11E-08,2.00E-07,7.45E-09,5.51E-08,2.63E-07,2.49E-07,6.37E-09,2.98E-07,5.31E-08,2.46E-07,2.29E-07,1.01E-07,0.000100487,8.46E-14,4.98E-11,2.75E-10,4.53E-11,1.86E-07,0.014215652,6.53E-12,2.03E-07,4.22E-07,2.32E-06,5.91E-09,3.23E-07,1.40E-11,0.009302951,1.64E-06,4.01E-05,3.67E-09,0.002805071,0.029435636,0.043266323,8.97E-07,2.61E-06,5.48E-10,1.07E-08,5.26E-07,5.41E-11,4.43E-07,4.13E-07,7.13E-10,0.000136927,0.318984515,3.86E-08,7.12E-10,1.26E-08,3.49E-05,0.002343222,2.54E-13,8.85E-09,1.84E-07,1.99E-07,1.94E-08,9.01E-10,6.47E-10,1.84E-08,1.46E-08
3,0.077800929,"diseas, class, ontolog, term, refer ",,0.001887771,0.002158615,0.007103737,0.008667908,0.000866186,0.003120172,0.005107258,2.27E-09,2.65E-08,2.36E-13,7.51E-06,0.000237826,5.11E-32,0.012713322,0.002461015,5.90E-11,1.28E-15,0.028039375,2.84E-29,7.19E-14,0.003095275,0.00157538,0.001577001,0.002863505,2.40E-05,9.88E-14,7.02E-13,0.001743597,0.0002826,2.03E-15,0.000600298,0,5.12E-05,0.003075733,0.002859534,0.000670031,5.06E-05,9.16E-17,0.00108934,0.003164836,1.64E-26,0.005941341,1.79E-37,0.000411368,0.00413728,2.16E-09,0.008916625,2.13E-06,0.004663373,0.002406317,1.27E-37,1.94E-12,1.68E-05,5.25E-06,0.001494177,2.52E-17,5.21E-09,0.003458477,3.14E-17,0.000503956,1.75E-06,0.008073008,1.71E-31,3.23E-09,6.10E-05,2.52E-10,6.77E-11,8.43E-14,0.007575612,0.000688451,0.000760558,9.25E-06,3.07E-16,7.24E-12,0.001354184,0.000204268,1.22E-10,0.000315961,7.59E-05,0.003041545,0.001190942,0.00572161,4.89E-05,0.00039933,6.20E-11,0.00040491,1.14E-12,0.002521045,8.94E-12,1.68E-19,0.039323459,0.001206397,2.88E-08,0.000519984,0.006879426,1.00E-09,0.004383917,1.34E-05,0.002861244,0.000838752,0.002596556,4.77E-07,4.62E-14,2.36E-21,0.003214948,4.61E-07,0.000421766,0.00252409,4.92E-07,0.000690339,0.007363029,6.09E-06,0.002152119,0.005900364,1.14E-13,2.11E-19,0,0.029778653,0.001951858,0.011504505,0.000393934,0.004250324,0.006460601,1.84E-08,0.003661168,0.000525108,2.62E-16,0.00474258,3.99E-12,5.26E-12,9.45E-12
4,0.03614527,"medic, actual, semant, sourc, provid ",,0.007981139,1.43E-12,1.70E-07,0.009173549,4.20E-10,5.25E-08,0.010557707,7.90E-12,1.82E-06,0.002513227,0.008230027,3.04E-09,6.50E-08,0.011619581,1.63E-07,1.05E-05,1.32E-09,4.97E-12,1.69E-11,1.74E-07,1.14E-05,1.41E-09,1.67E-06,1.99E-08,1.80E-05,7.73E-08,7.10E-07,7.68E-06,5.18E-06,9.77E-08,0.009278051,0,0.020109904,7.20E-08,1.40E-06,7.78E-10,0.010071868,2.03E-06,1.03E-06,0.001682114,2.43E-08,2.48E-05,2.15E-16,0.015549923,2.37E-07,1.08E-08,0.011358027,0.013758547,3.99E-06,2.48E-07,1.46E-06,2.56E-10,0.002523255,2.10E-08,1.51E-06,7.84E-06,1.59E-08,1.13E-06,9.41E-09,1.29E-13,2.43E-14,0.004403887,3.59E-06,1.96E-10,0.007142732,1.45E-10,5.77E-06,8.14E-07,0.00763833,0.010174936,0.001064411,7.75E-08,5.47E-08,1.15E-05,3.00E-06,3.40E-06,1.16E-05,5.74E-06,0.010502805,0.000215363,6.07E-06,4.34E-06,0.01089538,3.21E-12,1.69E-05,0.081306563,9.19E-08,1.15E-12,2.45E-07,2.36E-12,1.44E-08,0.007217162,4.84E-09,3.18E-06,4.00E-06,3.83E-07,3.43E-07,1.17E-05,3.62E-11,1.94E-06,0.03727377,0.026879295,1.05E-09,0.004312605,2.35E-09,1.75E-09,3.55E-08,2.42E-05,2.82E-14,4.70E-07,0.056832839,1.84E-07,0.043854592,5.08E-06,4.88E-06,0.006530436,0,0.015525053,4.86E-12,1.13E-09,1.51E-06,4.55E-06,5.54E-09,4.83E-06,3.12E-06,3.07E-06,2.79E-09,5.60E-08,4.23E-08,9.56E-06,4.40E-06
5,0.063124673,"ontolog, domain, reason, model, logic ",,1.55E-05,0.001718797,0.000679804,9.12E-07,0.000786415,0.004974516,0.001585991,6.88E-18,5.34E-19,0.003143363,5.48E-14,0.001749148,0.000747467,0.005457202,0.002178971,3.00E-17,0.000811655,0.000720253,4.08E-42,1.19E-18,0.006667787,0.002585591,0.001534714,0.00083494,0.003415475,0.0170968,2.91E-05,0.004158662,0.002521181,0.003458216,0.002549421,0,0.000865853,0.00511062,8.79E-17,0.000739188,0.003322004,0.004988738,0.000699112,0.015444465,2.20E-13,0.031896967,4.54E-21,9.33E-15,0.001391843,2.78E-17,5.39E-06,1.36E-13,0.011780568,0.00104945,0.002502549,1.86E-18,1.92E-19,5.83E-08,0.000781522,0.001614478,1.25E-19,1.66E-13,1.97E-23,5.21E-14,6.41E-18,1.25E-08,0.000675089,0.004047833,5.96E-05,1.61E-18,0.004266722,0.002556265,0.005936857,0.000745583,0.007546014,0.011437862,2.23E-20,0.003110041,0.001620975,0.005611032,0.003170891,0.005624399,0.005366036,0.000275774,0.002455871,0.003593632,0.006262905,2.20E-16,0.006313034,1.92E-14,1.05E-18,9.19E-17,0.008543295,0.000795523,0.144433806,0.000216731,0.000889522,0.001644607,0.005193385,1.94E-18,3.45E-13,0.007196297,1.74E-18,0.001146824,0.00375215,8.33E-09,1.11E-16,6.68E-05,0.005829881,6.73E-14,1.13E-14,0.011552505,1.92E-12,0.000825987,0.008683993,0.007052489,1.91E-06,0.003215696,0.002405323,3.51E-07,0,0.000163389,1.92E-14,0.004336796,0.005699287,1.55E-18,0.000859435,0.002501273,0.005225152,0.001621756,4.99E-17,1.90E-13,5.12E-20,0.001585567,0.000749899
6,0.067219313,"dataset, annot, name, hospit, task ",,0.000116324,0.003718955,0.006957495,0.013083998,0.00067139,0.038701887,0.013393936,0.001543139,0.003045925,4.93E-06,0.006253375,2.09E-15,0.00160871,0.00656852,3.61E-07,0.000678352,1.98E-16,0.001566105,2.78E-09,0.001485173,0.004099404,2.78E-15,1.64E-12,0.001681065,0.000748784,1.99E-17,0.003310272,0.00418493,0.002511651,0.00073999,0.00066302,0,0.019319658,0.001487354,0.000720231,3.80E-14,0.004207033,0.004246015,1.45E-13,0.000536009,0.006810479,0.004285825,0.023650118,2.54E-13,0.007129832,0.000763563,0.013615489,0.012709364,0.004325538,0.002495829,0.004315958,2.03E-16,6.42E-05,0.000652867,0.002599349,0.00078402,0.000680529,0.001666318,0.00074728,0.003870697,0.006088387,1.49E-08,0.006852018,0.001466995,0.00142196,0.001550025,9.33E-12,8.96E-14,0.006639434,0.002507977,4.66E-18,0.007132445,0.000732443,0.003318781,0.0025602,0.000769276,0.00166685,0.000760122,0.001402771,3.52E-20,0.002530937,0.001566167,0.002450852,2.30E-18,0.002408266,0.006577803,1.58E-15,1.57E-22,0.000772268,0.002243406,3.62E-14,0.000124826,4.96E-15,0.001673843,0.005959122,0.006051566,0.017352114,0.002492444,0.000679125,0.000377131,0.001780923,0.003515983,0.007267984,1.79E-15,1.10E-15,0.000104508,0.002240238,0.007466408,5.75E-19,0.000700016,0.006071094,1.47E-15,0.006465249,0.001648811,0.004238528,0.000541419,0,0.017345784,5.73E-07,0.010353723,0.02652678,2.03E-05,0.001621689,0.000621239,0.00429265,0.001672159,1.74E-13,0.001617856,0.002267672,0.000798162,0.001686195
7,0.057988955,"role, ontolog, patient, health, care ",,4.62E-06,0.003009734,0.001056054,0.003691425,8.11E-18,8.64E-18,0.000190305,0.001429856,0.001449927,0.003834198,5.35E-10,1.17E-18,0.001484094,0.007210462,3.98E-16,0.026225236,0.000716532,4.48E-20,1.17E-22,0.002704781,0.012868343,1.07E-07,0.001972602,0.000602993,0.001224781,1.23E-06,0.000188847,0.004196707,0.002028931,0.000448359,0.000140798,0,0.021330032,0.00479986,0.0185803,0.003755614,3.08E-06,2.92E-18,1.04E-17,0.005020555,3.57E-08,0.002687703,0.009962554,0.000972509,0.020967187,0.00219135,0.003800825,0.002631073,0.008156318,0.006039852,0.002087493,0.001539209,2.52E-06,1.53E-05,0.000499836,0.001483677,0.033077466,0.005324231,3.62E-23,1.34E-21,4.71E-34,3.58E-06,0.002006196,0.004417463,0.009997733,0.002982654,0.002861929,0.00066309,0.003976538,0.000573924,3.48E-20,9.85E-08,0.000721262,0.002715663,0.003746858,0.000437785,0.001913733,0.000171157,0.001844263,1.57E-21,0.002021936,6.86E-05,0.006070071,3.21E-21,0.025588204,0.008773529,0.000703321,1.02E-28,6.58E-19,8.06E-21,0.04232536,0.000741532,2.16E-19,0.0029892,0.005046536,0.041046713,0.006177517,0.001912249,3.38E-31,0.012860156,0.025279163,8.02E-09,0.000195032,0.001305273,0.015316172,1.51E-09,0.00144845,0.016187786,2.10E-06,0.001173823,0.00936447,0.00035402,0.001406386,0.007063638,0.00464585,0.004963427,0,0.012289437,0.001323604,0.00276003,1.76E-05,2.21E-11,3.85E-18,0.005101782,0.003963034,0.00379061,0.001472711,0.000586005,2.90E-09,0.000550804,0.00149708
8,0.057564909,"data, queri, extract, semant, s ",,0.011042981,3.26E-17,0.007297737,0.010808056,0.002305551,1.04E-05,8.80E-06,2.40E-14,1.07E-16,0.005049236,0.006543283,0.002562112,0.00238055,0.003990614,0.001888822,5.66E-06,7.54E-15,1.08E-18,1.99E-22,4.73E-13,0.004597446,2.17E-05,0.009252972,0.001500739,0.001272096,6.87E-12,0.003339564,0.003196622,0.001917127,1.28E-11,1.61E-07,0,0.099725899,2.19E-07,0.001554558,0.006052202,0.008206183,0.002911218,0.000673605,8.90E-14,8.41E-18,0.009016981,3.28E-17,0.008735903,0.000886503,0.000339998,0.011015191,0.002572554,0.00495464,0.0084873,0.000258579,0.0008292,0.03581059,0.000390043,2.27E-05,0.000521929,0.003114431,1.11E-05,3.13E-14,5.00E-16,3.83E-22,2.48E-07,0.001841931,3.74E-18,0.005950913,6.56E-14,0.005010331,0.001731375,0.005889291,0.000146828,1.45E-06,0.002339353,3.49E-14,0.002553685,0.001149302,0.003031801,0.014335607,0.003364594,0.007284747,1.20E-18,0.001914909,0.000618327,0.001674318,7.18E-14,0.003986081,3.12E-14,0.000790148,2.67E-19,0.004243371,6.47E-13,0.003707913,0.000418811,0.00156731,0.001247337,0.005370256,3.81E-15,3.78E-07,0.001854768,4.86E-27,0.00324047,0.008586643,0.000808796,6.03E-13,0.00509151,3.93E-05,0.000674536,3.29E-16,0.021369414,7.16E-13,0.008793158,0.031421901,0.006174192,0.005519873,0.001925676,0.00310245,0.006861376,0,0.00757465,2.84E-17,2.33E-18,1.44E-09,7.91E-21,0.000645211,0.007771208,0.007916186,0.002143687,0.003235978,0.002421124,8.72E-13,0.000337626,0.000520658
9,0.064420993,"s, encod, discuss, cluster, experi ",,0.001895631,6.03E-17,0.005774337,0.010195631,0.001824813,0.002547631,0.001734956,2.09E-20,0.005783615,0.008050762,3.72E-09,0.002866359,0.001880755,0.009191835,0.004185799,2.53E-16,6.41E-23,0.000935981,3.54E-13,3.02E-17,0.013532216,0.005725682,0.000802533,0.005846424,0.000851505,0.019234924,2.91E-17,0.004698487,0.002822096,6.68E-16,1.91E-17,0,2.00E-05,0.002556203,0.002763461,0.003831929,0.004780742,0.002906052,3.96E-18,1.33E-16,0.00024877,0.002785294,1.27E-26,0.029237014,0.000809927,1.01E-19,0.010447998,3.24E-15,0.003796224,0.003786978,0.00185814,1.66E-20,0.006929847,0.001399188,0.000870306,0.00089555,0.014350543,1.77E-17,0.001900622,0.002797576,2.31E-15,8.57E-17,0.001814558,0.010594252,0.005816745,4.29E-18,0.002821567,0.000944715,0.009686497,0.002918638,2.69E-09,0.000354012,1.00E-17,0.003698198,0.00186991,2.33E-18,0.001792078,0.000912032,0.012839166,0.000899218,0.001824785,0.000910461,0.006838811,0.000874436,0.002660714,0.004344622,4.86E-17,0.000923697,0.005709305,0.003843923,2.55E-19,0.000677218,0.00678212,0.001875666,0.008736428,0.003389152,0.00181052,0.002804395,0.007779577,0.000872032,0.004365499,0.000673411,0.004534378,0.001484547,0.003620586,1.80E-23,0.002814945,0.031588894,1.59E-17,4.50E-16,0.01628746,0.002915398,0.00472457,0.000864175,0.000882771,0.003342588,0,0.001741051,0.010302465,0.005756659,0.010904289,0.016138352,2.98E-17,0.008021409,7.31E-16,0.001870501,0.000898391,0.00387469,3.16E-16,0.001853088,0.000901222
10,0.065343733,"clinic, case, medic, avail, data ",,0.009816702,7.48E-15,9.95E-13,0.00388365,6.25E-12,0.014565135,0.001383691,4.75E-15,2.95E-16,0.005674763,0.024363408,2.91E-15,0.001378405,0.008380554,6.76E-12,0.006899601,1.53E-12,5.12E-14,0.074992256,0.002692118,0.010012153,0.002819096,0.002902781,3.51E-14,0.007360263,0.001157074,0.008069279,0.00723649,0.004336985,3.03E-11,0.002924155,0,0.023639694,0.002692172,1.74E-13,1.44E-13,0.005941412,0.002835639,0.004089266,0.004339801,0.008913205,0.00289547,4.63E-17,9.19E-05,0.001405072,1.54E-14,0.003983014,2.31E-12,0.001296593,0.010546014,9.60E-11,4.77E-16,2.55E-05,2.25E-14,0.001400481,0.00137607,1.69E-06,0.001296927,0.001318592,8.10E-15,0.003894973,9.46E-08,1.68E-10,0.002553997,0.007942908,0.001355629,0.001323596,1.33E-11,0.005661644,0.001404655,1.08E-15,0.002819216,0.001364676,0.005763643,0.002893262,2.72E-13,0.002889815,0.001455408,0.001204633,0.00820449,0.005854929,0.006014606,0.002811398,4.74E-19,0.00578258,0.032129488,0.002642309,0.002587572,3.98E-13,0.001340838,8.26E-12,0.003004481,1.56E-17,0.00289293,0.002743041,0.012219238,0.000559374,0.005828314,0.001173418,0.00644291,0.01913112,0.018227561,1.15E-12,2.61E-12,0.000803136,0.000107291,0.001266839,0.005056658,1.32E-15,2.55E-12,0.012935648,1.21E-14,0.007437278,0.005895609,1.54E-11,0.00281113,0,0.001268079,1.43E-16,5.26E-16,0.007602849,6.52E-09,1.14E-14,0.00428987,0.001385301,0.002892619,1.33E-13,0.001325549,0.001274111,0.002905821,0.001438855
11,0.052226874,"author, public, document, number, s ",,1.11E-05,0.00442799,0.001332789,0.004858979,8.42E-20,3.34E-16,0.001166169,0.002078342,4.21E-14,0.079459133,0.001916756,0.008145465,0.001848719,0.005184881,7.99E-06,5.54E-13,3.32E-17,5.50E-18,7.82E-10,0.00060101,0.006154616,0.001796515,2.77E-17,7.96E-18,0.002032432,0.000800211,0.001618714,0.00511049,0.003074666,0.000734026,3.95E-05,0,0.00173075,0.000499128,0.005454369,0.001520189,7.23E-05,1.13E-18,4.10E-20,0.001030393,0.031399427,0.000130307,2.56E-23,3.38E-14,3.21E-14,0.004435968,0.000501759,5.25E-07,4.06E-14,3.20E-05,4.16E-21,0.00162393,2.35E-12,0.00488298,0.001955675,1.75E-16,3.55E-14,2.09E-13,0.000839069,0.00231194,0.010766895,0.007075694,1.20E-20,3.62E-13,0.015183975,0.000887576,0.000448851,0.000720592,0.013722218,0.007878951,5.39E-05,1.82E-06,0.000853192,0.003959545,0.002047292,0.001678134,0.000646342,0.002747865,0.00924769,7.04E-08,0.001991917,0.01195567,0.000164464,0.020639249,0.006328874,3.76E-07,0.002916412,0.000390234,1.45E-06,0.009078151,8.23E-15,0.000149465,5.28E-20,0.002041402,0.00443067,1.77E-13,0.010166647,0.003067873,5.89E-18,0.002691551,0.003212857,0.037339584,0.014357841,0.000174846,0.003964205,1.65E-17,0.000796506,0.030689524,0.023443304,0.010004169,0.000386981,2.29E-05,0.000209237,0.002012861,1.54E-05,0.000223858,0,0.000148147,2.22E-07,0.012434735,1.53E-11,0.000186547,3.22E-05,0.009941496,0.000186798,0.001985967,1.39E-18,2.69E-07,0.006704438,0.000708111,0.000538491
12,0.065524797,"classif, subject, system, evalu, text ",,5.33E-06,9.22E-13,0.003384534,0.013427005,4.45E-11,4.16E-10,0.002754771,7.76E-15,0.023500209,0.001919624,9.05E-05,0.001659903,6.88E-25,0.006743767,0.001008315,0.011806969,0.001498276,0.013947221,2.24E-14,0.002275819,0.004883922,9.92E-13,0.001509161,0.002532837,0.005122981,0.000629425,1.08E-13,0.004120285,0.002483785,0.000869418,0.00098297,0,0.014815147,2.63E-12,0.001588738,2.26E-12,0.005495447,0.003418259,0.001503062,0.000822718,0.00747077,0.007588071,7.31E-24,0.001188619,1.81E-11,1.12E-14,0.013756185,0.034430062,0.006733241,2.67E-11,0.000286773,4.67E-15,1.39E-07,0.00697827,0.000753935,0.000618684,4.33E-12,0.000709483,0.001567088,1.89E-11,7.91E-12,4.98E-06,0.002819232,4.17E-16,0.000129655,2.87E-14,0.009927134,0.003192719,0.006234712,0.000164615,1.03E-11,9.57E-07,0.001564459,0.002984506,0.001644282,0.00070705,0.001442205,0.000754384,1.43E-05,0.000716097,0.003346152,0.003284257,0.001979657,0.001568054,0.002160619,1.22E-05,5.69E-17,0.000770948,0.000635119,8.49E-14,9.38E-07,4.68E-05,0.00341371,0.001647627,0.005882996,0.005895109,0.011876028,0.002427747,0.003275342,0.000718587,0.002867352,2.08E-08,1.90E-12,3.31E-11,1.84E-06,7.75E-10,0.002274096,0.014444955,1.58E-10,0.00747333,0.006456664,0.003418257,0.003255103,0.002560203,0.007903818,0.002395494,0,0.042008519,1.75E-13,0.009726046,0.011544524,0.024675165,4.29E-12,0.005784572,0.002449795,0.001646097,1.21E-17,4.09E-11,0.008298304,0.000708409,0.000726451
13,0.043982105,"set, direct, identifi, knowledg, perform ",,9.41E-05,0.003068621,0.002489134,0.019317,3.87E-22,1.74E-17,6.97E-09,0.002524248,0.014914339,0.000138707,0.005845769,0.006155785,6.88E-22,0.010152322,7.19E-15,0.001488868,1.31E-17,9.49E-09,1.63E-10,0.007486845,0.011272951,1.74E-18,1.08E-15,0.005173915,0.003413224,0.000729788,0.006455074,0.005394032,0.003502929,0.000124996,0.000801088,0,0.004029232,0.005237397,0.004877813,0.003503148,0.005992836,1.86E-05,4.16E-16,2.23E-05,6.19E-14,1.10E-05,4.35E-30,0.000106355,0.003587627,0.001169862,0.01929641,0.000683084,0.006692228,0.000274054,2.96E-27,0.001264465,0.000379381,0.006576191,0.003279096,3.56E-17,2.21E-10,6.73E-17,0.001131939,2.38E-16,0.001141268,0.031789915,1.50E-23,0.006203917,0.01756826,0.001194746,5.63E-17,0.000880526,0.00532891,0.000741467,0.029114761,1.18E-05,0.00116777,0.004822517,0.001872037,2.08E-16,0.002460518,0.002381998,0.000551527,0.006470427,0.003147574,1.02E-15,0.002121932,0.007257575,0.004900518,0.00976453,0.001259725,8.62E-16,0.009061913,3.47E-25,1.06E-18,0.00041305,2.07E-23,0.002219888,0.004570355,0.009570027,0.025819485,0.00357751,0.001078995,0.004419431,0.005862673,0.000116907,0.000910587,5.57E-22,0.017750804,1.56E-08,1.04E-14,1.86E-05,1.35E-06,2.20E-18,0.00504179,5.20E-19,0.00656132,0.000591394,0.008555952,1.80E-09,0,6.74E-11,0.000368394,0.007917933,0.000884967,2.10E-18,0.00265865,0.000587466,0.001814701,0.0022199,1.89E-19,0.003477857,0.007974121,0.001149278,0.001213621
14,0.056583211,"integr, data, biomed, knowledg, resourc ",,0.01032923,1.97E-17,0.002050404,0.009267083,5.07E-11,8.04E-13,0.009040362,0.003027063,4.29E-14,1.56E-14,9.49E-05,1.11E-13,7.13E-15,0.039738009,3.54E-10,0.003420597,0.001613719,8.64E-18,5.92E-16,1.42E-13,0.010670418,0.007605152,1.04E-08,2.09E-11,0.003771848,8.74E-14,7.66E-10,0.009092329,0.005593579,7.49E-15,0.007702659,0,0.06858581,0.025830226,0.00673679,0.001660091,0.003859077,3.47E-13,2.49E-10,0.002611524,1.93E-28,0.004861298,9.80E-25,0.001872386,0.002900966,0.005309339,0.00957253,7.78E-12,0.004869563,0.001342336,1.47E-16,9.02E-13,0.000906979,0.002335266,0.005691388,0.001835576,0.017358377,0.006588389,1.02E-16,9.44E-18,1.75E-27,0.000115749,3.97E-14,0.004707541,0.023878212,0.001478618,0.001805385,1.40E-11,0.002824357,0.000398895,0.036615598,0.003438648,1.19E-15,0.007523924,0.003480234,0.003541013,0.003814684,0.001810582,0.003343133,4.78E-15,0.005502965,6.31E-07,0.00178057,0.002347304,0.007276511,0.002545626,1.86E-11,1.19E-20,4.54E-10,1.17E-22,0.008073363,0.001434341,4.28E-14,0.003661082,0.001939235,0.007597066,4.63E-13,0.005644657,6.16E-19,0.010260099,0.020910772,0.006318026,4.84E-16,0.000236383,9.88E-05,0.027178576,0.00134544,0.006764136,6.04E-19,4.55E-13,0.013975143,8.68E-12,0.005364841,0.002711909,1.82E-10,1.08E-06,0,1.04E-07,1.13E-14,1.18E-05,0.00055907,5.98E-11,5.17E-13,3.17E-13,0.006818905,0.003644956,0.00185164,1.26E-11,6.53E-17,0.004029726,0.001875338
15,0.053004444,"class, data, specif, specifi, ontolog ",,0.001459808,8.43E-15,0.006458249,0.006534209,0.009531005,0.006186807,0.000643898,0.001607244,3.19E-11,0.002114341,0.007508777,0.003264622,2.25E-19,0.00481671,0.002779877,0.001056513,0.000723559,0.006935556,3.75E-13,0.012113754,0.005708146,0.011568487,0.004659226,0.002411088,0.001969522,0.000906612,0.004061327,0.003429159,0.002074928,0.007462667,0.001413335,0,0.046917068,0.00160435,0.015779073,0.003207721,0.000117146,0.003850182,6.22E-16,0.002025106,7.40E-09,0.00140364,2.79E-09,7.61E-05,0.003757036,0.001562725,0.006710934,0.011152203,0.007898863,0.002636031,0.008496535,0.000797466,4.69E-07,0.005572627,0.002395094,5.56E-17,1.04E-08,4.25E-15,0.000698149,0.000708485,3.18E-18,4.48E-11,0.010928476,5.64E-16,1.13E-05,0.003368981,0.003416012,0.001474726,0.005947579,0.000678837,3.13E-07,8.34E-06,0.000706698,0.002672742,0.003167068,4.01E-15,0.000411779,0.001426627,4.19E-05,1.56E-16,0.00197514,0.003161323,0.003019113,0.003291449,0.001181859,0.004834654,2.62E-15,3.47E-20,0.002104712,0.012219225,0.026937559,5.94E-05,1.33E-17,0.001350663,0.00524263,0.010533745,8.63E-06,0.001932984,3.58E-19,0.001650857,0.010383945,4.97E-05,0.002268924,0.003388474,0.003320505,0.014901454,5.85E-16,1.26E-05,0.017151507,0.004787465,0.003549967,3.88E-15,0.002359987,0.025258599,0.002695135,0.003885546,0,0.002294455,7.30E-15,3.51E-16,6.71E-06,8.29E-22,4.41E-15,0.005729244,0.013689542,0.001288008,0.000633541,0.001500667,0.021252108,0.001473021,0.000618267
16,0.005186201,"mean, inform, requir, identifi, form ",,0.005926767,2.38E-08,7.42E-07,1.91E-05,7.45E-12,1.94E-10,6.50E-07,8.69E-08,1.60E-05,4.70E-06,0.005032074,6.09E-09,5.55E-10,2.53E-05,1.40E-08,3.45E-05,4.05E-08,5.13E-11,0.020480001,5.93E-06,1.77E-05,2.48E-10,1.06E-07,1.59E-08,2.49E-05,0.000195115,1.05E-06,1.00E-05,7.63E-06,5.54E-05,7.86E-06,0,0.000190605,1.21E-05,5.36E-06,5.56E-08,5.87E-06,2.07E-06,2.47E-09,1.09E-05,0.000384168,5.86E-06,1.96E-07,1.67E-06,7.64E-07,8.17E-08,1.43E-05,2.42E-06,6.63E-06,6.24E-07,1.35E-08,4.71E-10,0.023706787,0.045049784,6.04E-06,5.49E-07,0.002505149,1.07E-07,5.57E-07,1.22E-11,3.51E-09,0.081559838,1.92E-08,2.63E-06,0.097289973,2.88E-07,9.60E-07,1.02E-05,5.79E-06,1.29E-06,0.000739109,0.01461907,1.47E-06,2.01E-05,4.34E-06,3.03E-07,2.34E-05,7.22E-06,7.11E-06,1.39E-06,6.22E-06,4.11E-08,1.00E-05,2.13E-08,3.41E-05,0.000101987,2.69E-08,4.07E-11,5.63E-07,1.41E-11,1.21E-09,0.015542172,6.77E-12,4.32E-06,7.21E-06,3.53E-05,1.45E-06,1.65E-05,6.35E-09,0.02076619,3.70E-05,1.22E-05,1.17E-06,8.36E-05,0.010456092,0.002454114,6.13E-07,1.81E-05,3.39E-10,2.91E-09,1.39E-05,9.08E-10,7.70E-06,7.67E-06,8.86E-06,0.001995044,0,9.98E-08,4.74E-08,1.87E-06,3.62E-05,0.000139827,7.28E-10,7.99E-06,7.74E-06,4.22E-06,6.51E-11,1.22E-08,2.12E-06,1.10E-05,5.79E-06
17,0.005415897,"outcom, clinic, identifi, inform, extract ",,0.026823488,2.85E-08,1.29E-07,9.92E-05,3.31E-10,1.81E-08,1.82E-05,3.40E-07,1.48E-05,1.63E-05,0.0448995,2.13E-08,1.16E-07,6.00E-05,3.79E-07,5.69E-05,1.39E-06,1.50E-11,0.132195029,4.04E-05,9.25E-06,7.77E-08,3.96E-06,2.96E-09,1.20E-05,5.30E-05,5.28E-06,5.20E-06,3.85E-06,1.37E-05,8.37E-05,0,0.000677724,7.14E-06,5.47E-06,9.96E-08,2.12E-05,5.60E-07,1.59E-07,0.000135137,0.007211163,6.43E-06,2.78E-05,4.21E-05,2.03E-07,3.35E-07,6.45E-05,3.42E-05,1.56E-06,6.81E-07,7.23E-07,6.10E-08,0.088093052,0.002497075,2.73E-06,1.24E-06,0.002881856,1.18E-06,6.97E-06,1.32E-08,2.39E-08,0.200571779,8.59E-07,5.09E-07,0.100295706,2.04E-06,2.08E-05,6.92E-06,1.87E-05,9.99E-06,3.10E-05,0.001352973,1.39E-05,1.03E-05,2.00E-06,1.12E-06,1.60E-05,4.87E-06,2.51E-05,3.38E-05,3.16E-06,3.88E-07,3.39E-05,2.70E-08,1.84E-05,0.002895038,1.97E-06,2.56E-08,3.10E-07,2.15E-08,8.35E-08,0.028091705,3.88E-10,2.22E-06,2.97E-06,4.43E-05,1.67E-06,8.24E-06,1.98E-09,0.003948695,0.000150588,0.000188533,4.30E-06,0.000416692,0.00294724,2.71E-07,4.14E-06,1.85E-05,5.53E-08,1.67E-07,8.25E-05,4.24E-08,7.76E-05,2.74E-06,6.58E-06,0.024852653,0,2.03E-05,1.06E-07,7.75E-08,2.90E-06,0.007422184,3.37E-10,3.87E-06,4.59E-06,2.25E-06,6.94E-08,5.47E-08,1.36E-05,6.06E-06,3.41E-06
18,0.006440004,"text, identifi, use, open, access ",,0.030395175,9.93E-06,7.73E-07,0.000158111,2.47E-06,8.85E-05,0.000136079,6.56E-10,1.07E-07,4.16E-06,0.028729071,2.81E-07,1.30E-09,0.000107143,1.16E-05,5.78E-12,2.03E-14,6.26E-10,1.14E-08,7.80E-09,2.60E-05,1.72E-05,1.71E-05,1.97E-09,1.26E-05,5.87E-09,3.50E-08,1.58E-05,1.09E-05,9.20E-09,3.96E-05,0,0.000235768,2.95E-05,4.95E-06,7.21E-07,1.90E-05,2.19E-14,1.90E-06,0.000649686,1.45E-05,4.00E-05,1.36E-12,6.55E-06,1.89E-07,6.88E-10,8.82E-05,0.000122189,3.98E-07,1.59E-05,9.35E-15,2.42E-11,0.005848102,0.000119839,4.70E-06,3.48E-12,1.37E-05,3.87E-06,1.42E-10,1.39E-05,0.001353054,0.229163403,8.67E-14,6.21E-11,0.012451252,2.81E-09,1.02E-06,1.73E-09,7.67E-05,5.19E-05,0.011561951,0.001566508,8.55E-10,4.35E-09,6.30E-06,3.55E-05,6.75E-08,9.89E-06,7.00E-05,0.000102195,1.09E-05,4.76E-05,3.83E-05,3.11E-09,1.28E-08,0.000406826,1.89E-09,1.01E-05,1.19E-10,4.92E-07,3.65E-07,0.034124818,6.55E-08,6.79E-06,1.25E-05,7.41E-12,1.97E-05,5.18E-06,1.19E-08,0.002857636,0.000356825,0.000155904,1.53E-09,5.75E-05,0.002711155,2.54E-05,0.000101186,0.000447898,1.22E-05,0.001392368,0.000195792,1.68E-05,7.85E-05,1.76E-05,1.79E-09,2.64E-06,0,0.000347028,4.36E-06,1.57E-06,5.43E-05,0.423806868,2.95E-07,4.14E-05,1.38E-05,7.15E-06,1.01E-16,6.51E-07,1.31E-07,2.93E-09,2.45E-09
19,0.005128168,"construct, inform, health, extract, process ",,0.022131598,9.65E-10,2.18E-06,6.89E-05,4.29E-09,8.74E-08,3.93E-06,2.85E-09,9.86E-08,2.92E-06,0.002568795,1.64E-08,7.94E-07,0.000119505,8.09E-07,2.49E-06,2.22E-09,2.34E-14,4.94E-07,1.67E-08,8.21E-05,6.40E-07,8.19E-06,4.11E-08,7.70E-05,6.18E-07,1.65E-05,4.95E-05,3.25E-05,1.15E-07,1.45E-06,0,0.000509639,3.04E-05,7.99E-06,5.51E-06,1.98E-05,1.07E-07,1.09E-06,2.63E-07,8.92E-08,5.20E-05,1.20E-09,7.06E-06,2.59E-05,6.18E-07,5.40E-05,5.14E-07,1.58E-05,3.28E-05,7.08E-09,2.65E-08,0.027622857,0.006570637,1.34E-05,8.05E-06,0.031536138,6.04E-07,4.46E-11,2.95E-13,6.94E-13,0.01585621,6.02E-08,4.77E-07,0.134634762,2.16E-08,3.59E-05,5.17E-06,2.67E-05,6.58E-06,0.002436769,0.023203372,1.62E-09,4.56E-05,2.19E-05,3.65E-06,7.87E-05,3.14E-05,3.13E-05,9.28E-09,3.52E-05,2.19E-06,2.67E-05,7.37E-10,8.55E-05,3.18E-06,6.83E-06,3.57E-12,1.18E-07,9.77E-12,1.29E-06,0.023569309,7.65E-10,2.12E-05,2.69E-05,1.88E-07,6.43E-07,5.73E-05,3.04E-13,0.031341657,0.00018505,7.72E-05,9.88E-09,0.013809622,0.026848466,0.003145635,1.31E-07,0.000150881,3.33E-11,5.85E-08,7.22E-05,2.71E-07,3.66E-05,3.51E-05,5.82E-06,0.001582531,0,5.28E-06,1.02E-08,4.01E-08,7.07E-06,3.67E-07,9.06E-08,5.62E-06,1.81E-05,1.99E-05,2.57E-07,4.17E-07,1.19E-09,3.07E-05,1.70E-05
20,0.003412886,"start, languag, repres, requir, inform ",,0.055260789,1.05E-08,1.65E-06,1.97E-05,4.43E-07,7.19E-06,3.54E-05,6.63E-11,7.91E-10,5.98E-06,0.000221263,1.14E-07,1.12E-06,0.00018266,4.17E-06,6.86E-08,2.71E-06,3.98E-09,1.10E-07,1.16E-09,0.000157663,2.60E-05,8.27E-05,4.65E-08,0.000205704,0.000142152,1.94E-05,9.31E-05,6.74E-05,1.48E-06,1.62E-05,0,0.000692682,0.000414625,2.61E-08,3.07E-06,5.70E-05,7.69E-06,1.34E-06,3.48E-05,8.29E-06,0.000113324,7.90E-10,2.67E-07,4.50E-05,5.43E-11,2.94E-05,7.21E-10,6.33E-05,0.000134648,2.09E-06,2.35E-13,0.000103576,0.003141675,4.94E-05,2.58E-05,7.99E-05,4.58E-09,2.42E-09,2.61E-10,3.35E-13,0.001302098,3.91E-06,5.34E-05,0.055817154,1.48E-09,0.000319477,7.85E-06,4.52E-05,1.10E-05,0.011743712,0.096962952,2.26E-10,0.000113259,4.06E-05,6.79E-07,9.33E-05,6.25E-05,4.51E-05,4.06E-05,6.34E-05,8.27E-06,6.75E-05,4.93E-09,0.00016602,8.88E-06,7.20E-12,1.54E-10,1.86E-06,1.22E-06,2.15E-06,0.036948754,1.83E-08,3.96E-05,4.80E-05,7.58E-07,3.30E-08,0.000124011,5.39E-11,0.05384591,0.00069639,3.12E-05,4.91E-09,0.036266917,0.090237648,0.000193334,1.20E-07,0.000228898,9.01E-12,1.05E-07,0.000117514,1.44E-07,2.30E-05,8.38E-05,9.50E-06,0.002039904,0,2.77E-06,2.81E-10,6.13E-07,0.000281732,1.66E-06,3.89E-10,1.71E-05,1.24E-05,3.87E-05,5.25E-09,2.41E-09,2.75E-10,7.15E-05,3.28E-05
21,0.007666793,"knowledg, under, extract, inform, identifi ",,0.031415119,1.76E-11,1.71E-06,0.000182722,2.00E-09,9.19E-08,5.85E-06,1.48E-09,4.13E-10,7.99E-06,0.023377443,1.04E-07,2.67E-09,0.000479583,5.81E-07,2.85E-05,5.25E-11,6.26E-15,1.31E-06,4.34E-09,4.53E-05,1.15E-08,8.40E-07,7.88E-08,4.19E-05,7.06E-06,8.52E-06,2.79E-05,1.82E-05,1.23E-06,2.16E-05,0,0.001625631,8.35E-06,1.07E-05,1.81E-06,0.000136937,1.47E-05,8.60E-06,2.31E-07,1.26E-10,1.01E-05,3.41E-13,0.000105442,3.99E-05,2.11E-06,0.000184366,5.68E-05,3.18E-05,8.46E-06,3.10E-10,7.82E-08,0.164540894,0.001225066,6.57E-06,1.23E-06,0.001696571,1.15E-07,1.45E-09,1.89E-16,9.16E-12,0.070712134,6.20E-09,2.16E-08,0.099778988,7.07E-09,1.76E-06,2.45E-05,7.12E-05,2.55E-05,0.302401878,0.005607014,8.75E-10,3.35E-05,1.39E-05,1.75E-07,4.51E-05,9.51E-06,0.000107562,1.33E-07,2.11E-05,1.19E-07,0.000140238,2.06E-09,5.54E-05,5.65E-06,7.05E-06,7.46E-18,2.50E-06,3.46E-16,3.61E-07,0.029549392,6.19E-10,1.22E-05,1.64E-05,1.02E-07,1.48E-07,2.78E-05,2.71E-12,0.005187772,0.000588663,0.000731335,7.97E-09,0.001412772,0.001302492,0.006939349,4.87E-12,2.51E-05,1.76E-11,2.16E-09,0.000374064,1.28E-09,0.0001837,2.86E-05,9.78E-06,0.000901643,0,4.46E-06,1.84E-11,1.04E-09,1.06E-05,2.03E-10,1.24E-06,6.27E-06,3.62E-05,1.05E-05,5.53E-08,3.48E-07,5.02E-09,2.26E-05,1.52E-05
22,0.006215539,"core, requir, relev, resourc, structur ",,0.026328338,1.13E-13,2.79E-06,5.70E-05,1.80E-06,2.64E-05,1.80E-05,4.08E-07,3.05E-10,0.000145578,0.017520234,2.15E-06,2.85E-10,0.000107713,4.03E-05,6.80E-05,3.79E-05,8.48E-09,0.000427745,9.72E-06,8.58E-05,8.66E-06,0.000141226,3.67E-07,0.000168389,0.002643822,0.000132956,5.58E-05,4.68E-05,0.000142213,4.85E-05,0,0.00155836,9.05E-05,5.16E-06,4.08E-06,2.76E-05,0.000493431,2.26E-08,2.62E-05,0.000827195,6.94E-05,0.000185865,3.68E-06,1.80E-05,1.59E-06,5.62E-05,4.22E-05,5.86E-05,2.00E-05,0.001332305,2.32E-07,0.000743094,0.039297758,2.19E-05,1.99E-08,8.88E-05,6.82E-11,4.34E-05,3.97E-07,6.46E-24,1.56E-05,0.000690969,1.20E-11,0.002938747,9.56E-07,0.001290311,0.000317742,2.21E-05,4.17E-06,0.002460486,0.013246469,6.81E-06,0.000187029,2.38E-05,2.48E-09,0.000105858,4.95E-05,6.86E-06,1.69E-10,3.91E-05,8.75E-06,5.42E-05,1.83E-07,0.000180128,7.22E-05,5.54E-12,5.38E-17,5.67E-05,2.45E-05,3.43E-05,0.005159753,3.48E-11,2.44E-05,2.86E-05,2.05E-05,1.24E-07,0.000104522,8.31E-18,0.019220932,0.000188926,3.87E-05,5.06E-05,0.168487677,0.029657823,0.111385329,1.51E-13,8.75E-06,3.07E-07,8.33E-06,6.00E-05,9.92E-11,2.72E-05,5.40E-05,0.000252649,0.081960793,0,1.12E-05,1.10E-17,1.04E-12,1.08E-05,1.16E-12,3.21E-11,9.70E-05,7.25E-05,2.39E-05,4.36E-06,1.53E-07,8.96E-06,9.89E-05,4.70E-05
23,0.003148652,"next, document, inform, health, ehr ",,0.007289882,1.64E-05,5.40E-06,0.000147621,2.25E-07,6.41E-06,2.98E-05,2.72E-06,0.001704211,3.38E-05,0.006824353,4.45E-11,2.49E-06,0.000130403,1.84E-07,9.95E-05,1.20E-09,5.49E-07,0.002960055,7.61E-05,0.000119328,6.37E-11,1.09E-07,1.27E-06,0.000119623,8.84E-08,1.56E-05,7.03E-05,4.81E-05,4.76E-05,6.01E-05,0,0.000476541,0.000262302,3.40E-05,5.15E-10,3.04E-05,6.86E-06,5.20E-10,0.000313796,0.091134963,8.14E-05,0.010933959,5.13E-08,2.65E-05,1.68E-06,0.000114728,4.67E-05,6.64E-05,1.82E-05,5.22E-06,1.53E-12,0.019687356,0.027628487,4.25E-05,2.73E-05,0.044406171,3.22E-05,6.06E-06,5.91E-07,9.68E-06,0.004833843,9.70E-06,0.000154103,0.083619153,7.60E-06,4.99E-08,2.81E-08,5.21E-05,1.60E-05,3.72E-09,0.032118548,2.69E-05,5.37E-05,3.16E-05,1.41E-05,4.93E-05,4.03E-05,5.56E-05,2.31E-08,4.36E-05,1.93E-05,5.59E-05,6.06E-12,9.31E-05,0.002356327,3.85E-10,1.82E-11,4.18E-06,3.71E-07,2.14E-10,0.01775896,2.52E-11,2.99E-05,5.61E-05,0.0003926,0.000178791,8.17E-05,7.28E-06,0.017824695,0.000184775,0.000225264,3.06E-05,1.20E-07,1.69E-05,0.003784674,0.000134783,0.00030775,2.10E-11,4.22E-06,9.10E-05,1.46E-09,5.81E-05,4.20E-05,6.40E-05,0.003433237,0,2.87E-05,4.61E-06,9.85E-05,0.000618534,0.032138652,1.36E-07,9.44E-05,3.23E-05,2.85E-05,3.36E-11,2.63E-06,2.41E-05,2.89E-05,1.91E-05
24,0.00285443,"problem, repres, inform, process, languag ",,0.031348124,7.97E-08,2.14E-06,4.30E-05,2.13E-08,5.27E-07,2.10E-05,1.30E-08,2.50E-07,9.00E-06,0.000560246,1.76E-08,1.64E-07,0.000211397,3.01E-07,3.36E-06,2.90E-06,2.51E-10,4.82E-07,2.47E-07,0.000174027,4.76E-06,4.64E-05,8.09E-08,0.000228162,0.000157097,4.73E-05,0.0001026,7.39E-05,1.29E-05,5.66E-05,0,0.001019192,0.000455517,3.18E-07,3.13E-06,3.79E-05,1.31E-06,2.35E-07,9.79E-05,6.38E-06,0.000167339,3.14E-08,2.19E-06,5.19E-05,1.02E-08,5.13E-05,1.28E-07,7.94E-05,9.64E-05,1.88E-07,1.72E-10,0.000710978,0.003427484,5.99E-05,7.67E-06,0.000331229,1.11E-07,2.30E-09,5.79E-11,1.61E-11,0.007554913,5.59E-07,4.72E-05,0.076142442,1.65E-07,9.94E-05,1.04E-05,5.27E-05,1.27E-05,0.00225409,0.036061089,3.64E-08,9.44E-05,4.52E-05,1.56E-06,8.77E-05,8.86E-05,5.02E-05,5.87E-06,7.07E-05,4.13E-06,7.39E-05,1.94E-09,0.000151726,8.61E-05,1.76E-08,1.52E-11,1.99E-07,2.06E-08,3.31E-06,0.036607068,4.55E-10,4.35E-05,5.62E-05,6.07E-06,4.03E-07,0.000152727,7.02E-11,0.05559763,0.000583183,1.79E-05,1.53E-07,0.005736257,0.10017303,0.00147302,4.18E-07,0.000183595,1.06E-09,1.97E-07,0.000131938,9.57E-08,3.97E-05,9.82E-05,9.18E-06,0.001299831,0,2.72E-06,2.37E-08,1.09E-06,0.000263081,8.72E-07,2.55E-10,2.38E-05,5.13E-05,4.25E-05,9.10E-09,4.65E-08,1.89E-08,7.25E-05,2.76E-05
25,0.006368637,"record, inform, clinic, health, ehr ",,0.006659668,4.86E-06,2.82E-06,0.000175016,1.11E-08,4.60E-07,8.15E-06,2.33E-05,0.001735339,2.90E-05,0.022305021,2.95E-11,7.16E-07,0.000103699,1.76E-08,0.000684862,1.78E-08,1.56E-08,0.076532486,0.000590517,9.26E-05,1.66E-10,1.49E-07,6.43E-07,0.00011253,1.28E-06,0.000160399,5.60E-05,4.02E-05,0.000155832,7.91E-05,0,0.000790433,0.000327394,5.45E-05,7.96E-09,1.96E-05,6.92E-06,3.64E-11,0.000199609,0.021564608,5.01E-05,0.023674733,4.55E-07,4.66E-05,1.53E-05,0.000127868,0.000121808,5.60E-05,2.37E-05,1.30E-06,4.02E-09,0.03920903,0.017619517,3.70E-05,5.93E-06,0.055232327,1.03E-05,1.66E-05,7.51E-08,9.68E-07,0.004038895,3.90E-06,9.65E-05,0.067421568,9.70E-05,1.08E-07,5.28E-07,3.26E-05,9.57E-06,1.86E-09,0.012006547,0.000244319,8.84E-05,2.53E-05,1.85E-06,7.01E-05,3.83E-05,3.00E-05,1.58E-09,3.59E-05,3.23E-06,4.42E-05,1.41E-11,0.000131424,0.005208434,1.88E-07,1.10E-13,1.18E-06,2.47E-08,2.12E-09,0.011210898,1.54E-14,2.41E-05,3.64E-05,0.001367807,9.41E-05,8.29E-05,4.13E-07,0.016817801,0.000158204,0.000200867,0.000240044,1.98E-07,0.000113408,0.006002672,1.86E-05,7.97E-05,9.86E-10,4.77E-07,6.94E-05,1.20E-10,7.74E-05,3.54E-05,7.89E-05,0.005378072,0,7.30E-06,3.68E-06,5.33E-06,0.000166297,0.000242555,2.01E-08,6.64E-05,5.61E-05,2.32E-05,5.09E-09,6.50E-06,0.000111638,5.31E-05,3.05E-05
26,0.004445346,"interest, inform, identifi, relev, open ",,0.026298278,8.95E-08,1.84E-06,0.000385873,4.72E-11,8.62E-09,9.90E-05,4.34E-08,2.78E-10,8.15E-05,0.015994005,3.54E-07,1.10E-05,0.000401272,3.54E-06,1.77E-07,7.50E-09,5.80E-13,0.000236951,2.60E-06,8.59E-05,4.67E-06,2.08E-07,6.77E-11,8.17E-05,0.000172288,2.76E-05,4.99E-05,3.52E-05,8.46E-06,5.48E-05,0,0.002725101,3.87E-05,2.34E-06,3.18E-06,0.000177603,5.29E-08,9.06E-08,0.000155691,0.000681869,2.69E-05,9.24E-12,7.03E-07,1.02E-07,1.24E-07,0.000214472,3.12E-07,2.45E-07,1.30E-05,7.89E-09,1.57E-08,0.000474069,0.001138188,1.94E-05,6.51E-07,1.46E-05,2.33E-08,1.32E-06,7.58E-09,6.15E-08,0.11821447,1.21E-08,2.56E-07,0.190097855,6.31E-07,0.000301059,2.43E-05,0.000183571,9.90E-05,0.022269361,0.002285097,4.73E-07,9.25E-05,1.97E-05,6.42E-06,0.000240493,3.23E-05,0.000269863,6.66E-05,2.90E-05,6.08E-06,0.000151038,1.50E-07,0.000156114,5.70E-05,3.38E-06,7.95E-07,8.92E-07,1.01E-06,5.01E-09,0.034256955,2.26E-10,2.13E-05,3.30E-05,1.20E-07,2.14E-06,5.95E-05,5.98E-11,0.009249675,0.001129399,0.002099644,9.79E-08,0.047077049,0.0071395,5.73E-08,1.20E-05,0.000343035,9.16E-09,2.26E-07,0.000483529,9.84E-07,0.000177656,2.50E-05,6.64E-06,0.019986804,0,3.41E-05,9.49E-09,6.85E-07,1.77E-06,0.001886167,6.25E-08,1.81E-05,1.38E-05,2.17E-05,1.84E-10,2.64E-08,1.46E-06,4.24E-05,3.13E-05
27,0.00538256,"import, inform, relev, repres, process ",,0.011429262,2.25E-08,1.69E-06,0.000100061,5.31E-11,3.51E-08,1.33E-05,2.65E-07,4.09E-10,9.43E-05,0.017149126,8.38E-08,6.07E-06,0.000124492,1.12E-06,1.56E-06,1.50E-08,8.32E-14,0.000993449,7.02E-06,0.000121136,7.71E-06,4.08E-07,2.19E-10,0.000145055,0.00010254,0.000225336,7.62E-05,5.57E-05,1.31E-05,1.54E-05,0,0.001143896,8.99E-05,2.87E-06,3.96E-06,2.29E-05,5.26E-08,1.51E-08,2.83E-05,0.001383432,4.22E-05,1.99E-08,1.29E-07,8.38E-07,1.28E-06,5.25E-05,2.31E-07,6.99E-07,2.88E-05,1.85E-08,9.82E-08,0.000148306,0.005011182,3.01E-05,1.51E-07,0.000143952,1.93E-08,1.07E-06,5.75E-09,1.65E-09,0.010453176,3.35E-08,6.37E-08,0.078399807,3.92E-06,0.000282811,1.83E-05,5.17E-05,1.80E-05,0.002110006,0.007895157,2.16E-06,0.000147852,3.19E-05,2.02E-06,0.000186235,6.07E-05,4.31E-05,2.98E-08,4.77E-05,1.42E-05,3.12E-05,1.91E-08,0.000216614,8.95E-06,4.78E-06,5.22E-09,2.76E-07,1.38E-06,8.26E-08,0.012771126,7.49E-13,3.24E-05,4.38E-05,2.03E-07,2.42E-06,0.000107284,1.74E-13,0.030008643,0.000263622,0.000393415,1.50E-06,0.058005021,0.044703802,0.00051685,9.23E-07,0.00018946,2.60E-08,7.64E-07,6.38E-05,7.05E-08,3.08E-05,4.90E-05,6.80E-06,0.015137004,0,6.12E-06,9.58E-10,4.36E-08,2.44E-06,4.38E-06,2.12E-08,4.04E-05,4.17E-05,3.17E-05,2.45E-09,1.05E-07,3.45E-06,7.53E-05,4.01E-05
28,0.00888428,"electron, ehr, clinic, health, inform ",,0.010829968,2.38E-06,2.84E-06,0.000285825,1.74E-07,6.11E-06,2.45E-05,3.79E-05,0.000742023,4.26E-05,0.035083988,6.11E-11,2.57E-06,0.000149528,1.61E-07,0.0013183,1.49E-07,5.04E-08,0.251102788,0.001020351,0.000141526,2.72E-09,1.12E-06,7.41E-07,0.000185139,8.26E-07,0.000316832,8.93E-05,6.43E-05,9.72E-05,0.00012517,0,0.001340412,0.000614401,6.71E-05,1.38E-08,3.28E-05,1.18E-05,1.08E-10,0.000428411,0.067700921,9.19E-05,0.17816182,5.27E-07,9.03E-05,2.50E-05,0.000207815,0.000170662,8.17E-05,6.25E-05,1.74E-05,9.37E-09,0.030149713,0.012293235,5.04E-05,9.89E-06,0.079002087,1.55E-05,7.03E-05,8.22E-07,5.02E-07,0.000882929,4.13E-05,5.83E-05,0.046952772,0.000211821,1.08E-06,3.60E-07,4.77E-05,1.34E-05,3.46E-10,0.013970999,0.000545129,0.000146903,3.90E-05,1.79E-06,0.000119389,5.09E-05,3.43E-05,2.72E-10,5.86E-05,1.16E-05,6.51E-05,3.15E-11,0.000217222,0.010187993,7.94E-08,2.75E-13,1.99E-06,6.74E-07,2.39E-08,0.010624396,5.69E-14,3.88E-05,5.18E-05,0.002591238,8.75E-05,0.000128343,2.27E-07,0.019695346,0.000265125,0.0005249,0.000429671,6.35E-07,9.68E-05,0.003207973,2.46E-05,0.000120228,2.43E-09,2.31E-06,0.000112858,1.31E-10,0.000122643,5.09E-05,0.000116255,0.015039803,0,2.88E-05,2.15E-06,1.27E-06,0.000203809,0.000162687,9.10E-09,8.87E-05,7.99E-05,3.81E-05,8.83E-08,1.28E-05,0.000165863,8.08E-05,5.31E-05
29,0.00466401,"field, inform, form, identifi, avail ",,0.006695547,6.19E-07,2.76E-05,0.000366322,1.13E-12,7.23E-11,1.20E-05,0.000278716,1.25E-07,4.24E-06,0.032508923,5.39E-08,4.66E-09,0.000251453,5.69E-08,5.95E-05,2.21E-08,4.64E-12,0.001621696,3.08E-05,0.000192949,5.88E-07,1.69E-10,4.83E-10,0.000142286,3.53E-05,3.07E-05,0.000116611,8.02E-05,3.26E-05,6.17E-05,0,0.00119123,0.000766705,0.000320236,2.33E-05,2.43E-05,1.27E-08,3.59E-15,0.00017095,1.86E-06,2.56E-05,1.67E-09,4.57E-07,2.99E-06,0.000184023,0.0001547,1.92E-06,2.01E-06,1.91E-05,7.27E-13,4.12E-07,0.001399142,0.11853995,9.00E-05,5.50E-09,0.000911707,5.19E-08,4.30E-06,6.98E-08,1.05E-07,0.134031458,8.34E-12,6.13E-06,0.14220737,0.000326169,1.64E-05,6.64E-06,0.000131118,6.43E-05,0.010128472,0.00516945,6.67E-06,0.000153235,5.38E-05,1.62E-06,0.000151735,7.76E-05,9.73E-05,9.53E-09,6.09E-05,1.11E-06,4.53E-05,4.45E-05,0.000230979,0.000702901,1.39E-06,6.93E-10,6.10E-07,8.01E-10,1.70E-08,0.010888508,4.83E-18,4.85E-05,0.000107476,5.04E-05,4.27E-06,0.000122631,3.56E-11,0.028128139,0.000241068,0.002237589,3.76E-05,0.000973837,0.025346232,0.000576564,1.62E-05,0.000169313,1.35E-07,3.44E-08,8.45E-05,6.07E-10,5.94E-05,7.80E-05,4.33E-06,0.000853622,0,4.38E-07,1.67E-07,2.34E-05,5.03E-05,4.14E-05,2.82E-08,5.82E-06,9.18E-05,4.73E-05,4.74E-09,1.42E-07,1.53E-05,6.59E-05,4.11E-05
30,0.003151708,"address, inform, document, ehr, health ",,0.008737183,7.97E-06,5.35E-06,0.000141089,3.96E-08,2.87E-06,5.54E-05,2.79E-06,0.000163607,0.000446607,0.001213871,4.82E-11,0.000132116,0.000259346,5.78E-08,3.82E-05,5.21E-08,1.66E-08,7.33E-05,7.13E-05,0.000284625,8.11E-08,2.10E-06,5.23E-07,0.000354434,3.58E-06,0.000353252,0.000169335,0.0001249,0.000153207,7.28E-05,0,0.000986069,0.001189868,7.72E-06,1.18E-07,3.66E-05,2.85E-06,1.87E-11,0.000344283,0.103814442,0.000311704,0.011295065,1.84E-07,9.06E-05,1.73E-06,0.000116249,5.11E-06,7.24E-05,0.000133963,7.37E-05,4.46E-10,0.001696129,0.005274906,0.000109485,3.42E-05,0.014598217,3.30E-06,5.73E-07,5.93E-08,1.73E-08,0.001071041,6.91E-05,0.000366245,0.089806006,2.02E-05,9.61E-06,1.47E-06,0.000124116,5.20E-05,7.02E-08,0.019490242,2.33E-05,0.000287241,7.70E-05,7.26E-06,0.0001729,0.00017478,0.000141743,3.74E-09,0.000106862,6.25E-05,0.000138242,8.55E-13,0.000408583,0.002014337,1.10E-07,7.29E-13,5.09E-07,8.76E-06,1.96E-08,0.019695761,4.24E-13,7.16E-05,0.00011173,0.000183352,5.72E-05,0.000323396,1.46E-08,0.025845519,0.000511915,0.000178518,0.000194032,0.000706413,0.001030727,0.001206957,3.00E-05,0.00041034,4.70E-10,3.11E-06,0.000169633,2.40E-08,9.48E-05,0.000121786,9.89E-05,0.017938492,0,2.90E-05,2.97E-06,1.88E-05,0.000412746,7.82E-05,2.78E-09,0.000299567,4.73E-05,6.81E-05,1.34E-08,4.33E-06,5.97E-06,0.000219531,8.08E-05
31,0.002609378,"automat, extract, access, avail, inform ",,0.042382529,1.80E-07,3.87E-05,0.000689022,5.06E-05,0.000380332,0.000237135,3.00E-07,1.26E-06,2.05E-06,0.042272081,2.48E-07,1.46E-10,0.000500789,4.90E-05,2.52E-05,2.17E-08,3.32E-06,3.33E-06,1.18E-06,0.000303114,2.56E-06,8.25E-05,3.70E-06,0.000122461,2.16E-07,6.49E-07,0.000195788,0.000104402,2.72E-07,7.20E-05,0,0.000995005,0.000204044,0.00026316,4.01E-07,5.69E-05,6.38E-07,2.09E-06,0.000210826,2.26E-06,0.000378644,9.80E-08,2.34E-05,0.000101342,8.43E-07,0.00054169,0.000178443,0.000238832,8.39E-05,1.61E-08,2.36E-10,0.040134425,0.022681102,9.35E-05,5.13E-07,0.00516461,4.75E-05,1.11E-06,1.19E-05,1.98E-06,0.003008987,1.22E-07,1.87E-07,0.018454906,6.37E-07,5.14E-06,6.06E-08,0.000220662,4.93E-05,8.56E-06,0.0268734,2.48E-07,6.40E-06,0.000106544,9.79E-06,1.07E-05,7.88E-05,4.82E-05,6.27E-07,0.000131434,0.000168907,8.21E-05,2.24E-07,1.29E-05,0.001095004,3.64E-11,1.83E-08,2.57E-06,3.52E-08,5.29E-06,0.021579812,2.42E-08,7.71E-05,0.000240865,5.24E-05,5.62E-05,7.10E-05,1.01E-06,0.023825245,0.000492781,0.000232386,7.85E-07,1.47E-06,0.001440036,0.020578476,3.25E-05,0.000627128,9.69E-08,0.000151413,0.000349274,1.06E-07,0.000230128,0.000331677,2.64E-06,9.51E-05,0,0.000443484,3.31E-07,2.00E-06,0.000763567,0.006460493,4.08E-07,3.80E-05,0.000194206,7.51E-05,1.59E-08,1.14E-05,2.30E-06,3.58E-06,3.05E-06
32,0.008043619,"clinic, free, text, languag, health ",,0.01564843,8.58E-07,4.59E-06,0.00119685,3.63E-06,1.06E-05,0.000106424,4.54E-06,0.000677827,2.61E-06,0.037239762,3.10E-07,1.18E-06,0.000370741,8.43E-05,0.007089932,0.000418235,2.16E-07,0.244769545,0.00070322,0.000259421,1.11E-06,0.000929248,2.13E-06,0.000307358,0.000109005,1.41E-05,0.000195262,0.000143886,6.95E-05,0.000407296,0,0.004133519,7.36E-05,0.000106842,2.99E-07,0.000324822,0.000359756,0.000943094,0.000557106,0.009309712,0.000147087,0.002992982,0.000268983,4.13E-05,3.11E-06,0.000777765,0.000255098,0.00037321,1.74E-05,0.000178595,1.29E-07,0.034455096,0.016447788,0.000108334,0.002035161,0.043590175,0.000958948,0.000264426,2.48E-07,2.24E-06,0.003832898,0.000348336,0.000126889,0.046399601,3.39E-05,0.000331348,2.21E-05,6.95E-05,1.14E-05,6.67E-15,0.046350386,0.000260953,0.00038262,7.15E-05,8.86E-05,0.000336741,9.06E-05,4.50E-05,0.000658483,0.000117779,7.23E-06,0.000137891,1.40E-06,0.00039118,0.004069158,8.67E-06,8.72E-06,3.61E-05,1.64E-07,1.48E-05,0.008624665,2.69E-06,8.43E-05,9.81E-05,0.012552339,6.35E-05,0.000218432,0.000140447,0.036983156,0.000322071,0.000315067,2.19E-06,1.81E-12,0.000774231,3.02E-11,0.00125334,0.001520745,6.70E-08,1.90E-06,0.000356341,1.52E-06,0.000265826,6.79E-05,0.000161961,0.029529756,0,7.68E-05,1.28E-05,6.08E-06,0.001082182,0.094246333,1.10E-07,3.15E-05,0.000177033,8.12E-05,6.96E-06,2.59E-06,0.000232618,0.000230902,0.000199451
33,0.003215485,"natur, inform, process, structur, repres ",,0.023100249,1.32E-07,5.99E-06,0.000505716,1.95E-07,9.27E-06,6.88E-05,2.89E-08,2.39E-06,0.000400687,0.004694708,1.18E-06,3.42E-05,0.000473482,2.55E-05,1.33E-05,2.91E-07,3.67E-09,0.000243935,1.26E-05,0.000458986,2.18E-05,0.000147782,1.59E-07,0.000404974,0.000413751,4.60E-05,0.000281036,0.000190492,1.01E-05,1.28E-05,0,0.001803059,0.000164174,1.51E-05,5.31E-06,0.000141619,1.41E-05,5.67E-06,2.97E-05,0.012526943,0.00023541,3.17E-07,2.42E-05,2.11E-05,1.14E-07,0.000330557,2.23E-06,4.87E-05,0.000111447,9.21E-06,3.95E-08,0.003225769,0.004504515,9.45E-05,4.24E-05,0.00313697,2.27E-06,8.57E-06,7.84E-08,8.70E-08,0.002186079,1.18E-05,1.28E-05,0.09710069,9.10E-07,0.000541163,6.30E-05,0.000208505,4.77E-05,5.01E-07,0.02032757,3.88E-06,0.000313333,0.00011588,3.94E-06,0.000356038,0.000162516,0.000150289,5.38E-05,0.000171719,6.79E-05,0.000159963,1.08E-07,0.000453224,0.000219785,8.15E-06,1.68E-06,3.34E-06,6.99E-06,6.17E-07,0.020377754,5.83E-08,0.000118191,0.000204065,4.57E-05,5.59E-05,0.000303352,1.16E-07,0.043878003,0.000780418,0.000345456,3.04E-06,0.00019633,0.033460919,8.91E-08,4.18E-05,0.001510236,4.45E-08,2.12E-06,0.000387302,3.91E-06,0.000178268,0.000184835,4.68E-05,0.022593865,0,0.000111436,7.75E-07,1.25E-06,7.41E-05,0.001083492,5.21E-08,0.000345872,3.41E-05,0.000117494,2.66E-07,4.10E-06,6.41E-06,0.00016691,0.000104179
34,0.003395606,"abstract, inform, avail, identifi, open ",,0.019323155,2.10E-07,8.56E-06,0.00116895,9.69E-09,6.86E-07,0.000172032,9.97E-07,2.79E-06,0.000218643,0.032005455,3.63E-07,1.48E-07,0.001045616,2.59E-06,6.97E-05,1.32E-07,2.28E-09,0.000171181,4.23E-05,0.000276452,9.27E-07,4.01E-06,5.92E-08,0.000250829,0.000162421,3.36E-05,0.00016998,0.000117348,5.15E-05,0.000353272,0,0.004059633,0.000147377,4.85E-05,1.48E-06,0.000285282,4.54E-06,1.28E-07,0.000557774,0.000255082,0.000115966,5.21E-09,3.91E-05,6.77E-06,1.68E-06,0.000784812,7.32E-05,2.60E-05,2.76E-05,9.60E-08,3.96E-08,0.004243104,0.002550825,7.91E-05,1.52E-06,0.000148133,1.41E-06,1.83E-05,1.24E-07,4.92E-07,0.019601641,2.29E-07,2.61E-06,0.068974784,7.26E-06,5.05E-05,2.09E-05,0.000479159,0.000214628,0.000112834,0.002123424,1.31E-05,0.000149946,7.25E-05,3.84E-06,0.000162082,0.000113748,0.00037919,2.14E-05,0.000103394,1.50E-05,0.00038653,4.06E-07,0.000221584,0.003079685,8.30E-07,4.44E-08,3.81E-06,1.47E-07,1.01E-07,0.020490166,3.88E-10,7.10E-05,0.000129333,7.46E-05,2.54E-05,0.000180381,3.68E-08,0.009095701,0.001846209,0.00172823,1.18E-05,0.000123339,0.001876889,5.43E-06,1.45E-05,0.000402388,9.66E-08,1.92E-06,0.000993516,8.64E-08,0.00067766,0.000122051,2.66E-05,0.005216752,0,8.33E-05,1.40E-07,2.01E-06,9.61E-05,0.000336138,4.71E-08,0.000107848,8.08E-05,7.04E-05,1.07E-08,1.20E-06,3.55E-05,7.97E-05,4.83E-05
35,0.003397961,"appropri, inform, process, repres, health ",,0.013570816,1.94E-07,1.72E-05,0.000574192,1.98E-09,4.89E-08,6.88E-05,1.06E-05,3.16E-05,2.02E-05,0.003917925,4.62E-09,2.04E-07,0.000610885,1.58E-07,0.000231547,2.12E-06,7.03E-11,7.25E-06,5.66E-05,0.000489792,5.07E-06,2.05E-05,1.68E-07,0.000472884,2.44E-05,0.000107599,0.000299945,0.000201424,2.00E-05,0.000105065,0,0.002882212,0.000776754,0.000155006,1.22E-05,3.71E-05,4.65E-08,7.84E-10,0.00022568,1.44E-05,0.000419202,1.49E-06,3.43E-05,6.98E-05,1.36E-05,0.000389485,1.35E-05,8.02E-05,0.000128656,1.36E-07,2.27E-07,0.005084708,0.011371107,0.000172403,3.68E-06,0.010678502,5.02E-06,1.24E-07,5.17E-09,6.84E-11,0.006071671,5.07E-07,1.53E-05,0.093499224,5.40E-05,0.000189113,1.24E-05,0.000211521,5.99E-05,1.03E-05,0.004066611,1.15E-05,0.000252035,0.000141931,6.58E-06,0.000217758,0.000218737,0.000118624,1.04E-08,0.000194483,1.95E-05,0.000156829,5.87E-08,0.000404774,0.002577619,3.98E-06,6.32E-11,5.09E-08,2.31E-09,6.21E-06,0.019855533,1.34E-12,0.000126951,0.000192329,0.000350572,1.80E-05,0.000379773,3.59E-11,0.044350529,0.000948011,0.000137104,2.17E-05,0.003122109,0.030118964,0.000990906,2.38E-05,0.000466047,7.17E-08,1.78E-06,0.000332681,1.61E-07,0.000263383,0.000299612,2.02E-05,0.004507963,0,2.71E-05,1.36E-06,3.21E-06,0.000125679,4.40E-06,2.24E-10,4.21E-05,0.000175262,0.00012419,1.13E-06,3.29E-06,2.09E-06,0.000189439,7.60E-05
36,0.006490352,"treatment, inform, extract, health, access ",,0.038774154,1.51E-11,3.17E-06,0.00077298,5.40E-09,3.69E-07,3.85E-05,1.81E-08,9.88E-06,2.37E-06,0.003727739,3.84E-09,6.12E-08,0.000722486,7.46E-08,7.16E-05,1.92E-09,3.63E-10,0.003730844,5.60E-07,0.000546464,2.45E-06,1.19E-05,2.77E-08,0.000549579,3.95E-05,1.84E-07,0.000322243,0.000228305,5.62E-08,2.18E-06,0,0.000945123,0.00088451,7.08E-05,1.51E-06,0.000176155,3.67E-06,9.33E-10,2.19E-06,1.53E-06,0.000120182,8.08E-13,0.000235075,0.000144989,2.51E-08,0.000615853,2.45E-08,0.00018443,8.92E-05,3.13E-09,1.17E-11,0.155437976,0.005548914,0.000175973,4.54E-05,0.061233769,6.10E-07,5.46E-06,3.56E-10,2.64E-10,0.000571984,2.54E-08,0.000436296,0.18029916,1.80E-06,6.85E-05,2.17E-06,0.000161255,4.90E-05,7.23E-05,0.017553883,1.05E-07,0.000472869,0.000130571,5.89E-09,0.000301059,0.000115803,0.000155185,1.81E-05,0.000216479,2.19E-06,0.000188317,1.06E-06,0.000567365,0.007128844,1.23E-07,2.75E-08,2.75E-07,3.29E-10,1.13E-09,0.022084468,5.09E-11,0.000136574,0.000148378,0.004185318,1.55E-05,0.000368851,8.53E-07,0.032960548,0.00104802,0.001377132,5.37E-07,0.000550531,0.017008376,0.000175552,0.00012193,0.000455842,7.11E-13,3.40E-12,0.000400344,2.84E-09,0.000423429,0.000190296,2.96E-06,0.002219695,0,3.31E-06,4.76E-07,2.07E-06,0.001002271,7.04E-05,4.04E-12,9.28E-06,2.80E-06,0.000128355,9.32E-07,1.92E-06,1.53E-07,0.000276551,0.000130575
37,0.034248967,"topic, area, assess, level, identifi ",,0.00104717,1.16E-08,7.45E-07,0.00854752,1.05E-18,4.76E-16,0.007809994,8.59E-10,2.48E-09,0.023090937,0.003856054,5.77E-07,4.20E-08,0.006761738,1.45E-07,6.20E-08,3.84E-10,5.15E-14,6.22E-10,7.20E-06,9.45E-06,5.16E-09,4.44E-10,3.77E-12,8.54E-06,0.000497482,3.83E-07,5.50E-06,3.88E-06,7.44E-05,0.009610981,0,0.020139858,4.75E-08,7.03E-07,2.96E-08,0.008093735,3.74E-08,6.37E-10,0.016938122,6.83E-05,4.94E-06,1.90E-27,0.000218989,5.73E-13,1.64E-09,0.006023708,0.001442549,3.35E-09,4.15E-08,2.71E-09,1.59E-09,4.01E-06,6.45E-08,1.35E-06,4.21E-09,4.74E-15,4.86E-10,6.30E-06,4.22E-10,9.95E-08,0.043204197,7.67E-10,4.15E-12,0.006760989,1.41E-08,4.50E-05,5.68E-05,0.009167127,0.009436334,0.039826124,6.81E-09,3.33E-06,1.31E-05,2.05E-06,2.63E-06,4.04E-05,3.75E-06,0.009261796,0.024757315,3.02E-06,7.55E-07,0.007045402,1.06E-07,2.22E-05,0.013042026,1.14E-07,1.50E-06,2.96E-07,5.34E-08,3.65E-13,0.003283933,3.53E-11,2.37E-06,6.03E-06,1.24E-08,1.28E-06,6.73E-06,3.63E-11,1.80E-06,0.022598579,0.01652768,6.75E-08,0.007179234,5.62E-08,5.18E-15,2.58E-06,4.79E-05,1.33E-08,3.41E-07,0.0356824,2.22E-06,0.014802889,2.96E-06,3.64E-06,0.009394183,0,0.0024539,1.31E-10,8.00E-07,2.31E-08,0.001665683,4.34E-09,2.48E-05,2.46E-06,2.68E-06,1.80E-20,5.02E-10,1.53E-05,4.40E-06,4.04E-06
38,0.005905335,"initi, avail, inform, clinic, extract ",,0.049854835,5.01E-15,5.13E-07,0.00101289,2.71E-09,1.52E-06,6.12E-05,4.20E-09,2.40E-09,8.40E-06,0.103993606,2.81E-09,9.81E-08,0.000874404,3.30E-07,0.000763787,3.01E-08,1.45E-12,0.060054369,4.90E-06,0.000626676,1.39E-05,5.42E-05,2.23E-09,0.000743151,3.29E-05,1.14E-05,0.000423751,0.000308983,2.71E-08,3.47E-05,0,0.004394222,0.000129355,1.35E-05,1.91E-07,0.000302254,1.36E-05,4.85E-06,9.75E-06,3.99E-06,0.000171608,4.42E-12,0.00027518,6.28E-05,1.14E-07,0.000790524,2.87E-07,0.000139514,8.03E-05,4.31E-08,5.75E-10,0.062013565,0.000546308,0.000134416,5.77E-05,0.01368343,1.41E-05,1.23E-05,1.63E-11,1.98E-10,0.000570468,1.19E-07,3.88E-06,0.095899523,4.74E-06,0.000579919,1.18E-06,0.000180723,4.68E-05,1.66E-05,0.018390484,1.44E-06,0.000725487,0.000166791,8.32E-08,0.000450881,0.000148526,0.000120387,1.61E-06,0.00031317,1.21E-05,0.00020254,4.98E-08,0.000751782,0.000872695,3.33E-06,1.11E-08,1.46E-07,2.39E-09,1.62E-07,0.016943864,3.78E-11,0.00018004,0.000150704,0.000666804,5.00E-06,0.000478938,5.21E-08,0.035054235,0.001435189,0.003015142,8.86E-09,0.000594233,0.008801847,0.029037685,1.42E-05,0.000522356,1.86E-12,1.62E-09,0.000510754,1.12E-09,0.000647755,0.000240303,1.02E-06,0.011940544,0,1.64E-05,1.03E-11,1.59E-09,0.000239001,1.10E-06,2.00E-10,1.58E-05,6.41E-05,0.000168143,4.54E-07,1.35E-06,4.07E-06,0.000406715,0.00019659
39,0.004714297,"background, inform, open, access, medic ",,0.019328935,7.38E-08,4.96E-06,0.002702327,2.08E-08,1.48E-06,0.000985796,1.96E-08,4.21E-06,0.000456417,0.012093374,2.54E-07,4.09E-08,0.003507194,1.82E-06,3.16E-05,5.39E-08,3.67E-09,4.73E-07,6.62E-06,0.000266092,6.66E-07,1.55E-05,1.01E-07,0.0002221,9.40E-05,6.78E-06,0.00016213,0.000106375,1.35E-05,0.00153496,0,0.007780229,5.44E-05,1.55E-05,3.63E-07,0.001305253,5.11E-06,1.30E-06,0.001782492,1.02E-05,0.00018699,1.21E-12,0.000521482,6.61E-06,6.12E-08,0.002426936,0.000223243,5.03E-05,2.42E-05,5.31E-08,1.57E-09,0.002858103,5.84E-05,5.90E-05,3.73E-06,5.18E-06,3.04E-06,1.84E-06,1.20E-08,4.81E-07,0.015004626,1.54E-07,2.01E-06,0.034707165,3.80E-07,2.89E-05,9.41E-06,0.001795271,0.001088904,0.000273308,0.000217382,1.66E-06,6.90E-05,6.78E-05,5.24E-06,8.75E-05,9.99E-05,0.001604361,0.00058465,0.000105634,1.93E-05,0.001644926,6.27E-08,0.000117278,0.011302273,2.29E-07,8.98E-08,1.38E-06,2.33E-08,9.10E-08,0.021558821,6.63E-09,6.73E-05,0.000125151,3.55E-05,1.80E-05,0.000147192,1.53E-07,0.001571622,0.00870985,0.002501417,5.87E-07,4.78E-05,0.000137176,3.03E-07,1.40E-05,0.000507309,1.84E-08,2.44E-06,0.006320728,4.36E-07,0.00399531,0.000134639,1.01E-05,0.001399618,0,0.000540975,8.04E-08,1.86E-06,0.000198326,0.000300168,2.72E-08,0.000108969,5.95E-05,6.83E-05,1.37E-09,9.65E-07,5.23E-06,4.00E-05,2.40E-05
40,0.006937724,"step, structur, document, form, requir ",,0.000800161,1.74E-14,1.44E-05,0.000822367,1.13E-11,4.22E-10,6.31E-05,1.50E-12,0.000132513,0.000433166,0.01125466,2.63E-06,1.05E-10,0.000466719,2.10E-05,0.003472727,7.44E-05,1.70E-09,4.64E-05,0.000246633,0.000420574,1.82E-10,0.000196466,6.72E-07,0.000979696,0.002169206,1.16E-08,0.000313972,0.000280945,0.000403688,7.38E-05,0,0.010859637,1.29E-09,0.000109781,4.56E-10,0.000640162,0.000963914,7.65E-05,4.31E-05,0.148284125,0.000370847,2.36E-13,0.000452464,2.20E-09,1.91E-10,0.0006771,0.000489034,0.000149162,7.75E-09,0.007552377,2.03E-11,0.001128332,0.037353633,4.12E-05,0.000616502,5.42E-06,7.18E-05,0.000198729,2.64E-13,1.56E-15,0.000644778,0.003081501,6.77E-13,0.011806319,2.38E-11,0.010999002,0.001108581,0.000126677,7.22E-06,2.71E-07,0.000738014,0.000173063,0.001586003,9.37E-05,0.000280536,0.001375327,0.00012762,2.28E-05,1.45E-05,0.000232627,1.53E-05,0.000269734,9.62E-07,0.001738873,8.17E-06,2.81E-10,2.07E-07,4.77E-05,1.90E-11,1.18E-07,0.002040352,1.34E-05,0.00014286,0.000140646,0.000355647,2.55E-05,0.000566384,9.03E-08,0.012046903,0.000738812,2.80E-06,8.11E-11,5.60E-05,0.000128353,5.48E-05,5.40E-05,0.001803904,7.14E-13,3.35E-05,0.000513754,4.89E-05,0.000346286,9.27E-05,0.001053211,0.226026838,0,0.000170945,5.73E-15,1.18E-06,6.10E-05,0.000718181,4.31E-11,0.00052203,0.000178442,0.000159587,5.58E-11,1.56E-10,0.000347045,0.000379467,0.000309776
